,barcode,brandID,brandID
brandNumber,,1,2
0,511111000167,5a5d2727e4b0db471c2d042e,
1,511111000235,5a5d247ae4b06ba572cf24a2,
2,511111000396,5a5d1bffe4b0db471c2d0423,
3,511111000440,5a5d17ede4b06ba572cf2498,
4,511111000518,5a4d23dae4b0bcb2c74ea77e,
5,511111000679,592486bfe410d61fcea3d13d,
6,511111000723,592486bfe410d61fcea3d137,
7,511111000884,592486bde410d61fcea3d126,
8,511111000952,591b7682e4b0cddf4ebb6a6a,
9,511111001041,588ba198e4b02187f85cdae0,
10,511111001119,5887a372e4b02187f85cdad9,
11,511111001270,58861c7f4e8d0d20bc42c4fc,
12,511111001324,58861c7e4e8d0d20bc42c4f7,
13,511111001485,585a972de4b03e62d1ce0e96,
14,511111001553,585a96fbe4b03e62d1ce0e8e,
15,511111001607,585a96d2e4b03e62d1ce0e89,
16,511111001768,585a963ce4b03e62d1ce0e78,
17,511111001836,580dffade4b0f32b2de21384,
18,511111001997,57ebc188e4b0ac389136a343,
19,511111002086,57ebc02be4b0ac389136a339,
20,511111002154,57ebbfafe4b0ac389136a332,
21,511111002208,57ebbd44e4b0ac389136a32d,
22,511111002369,57d95805e4b0ac389136a2b5,
23,511111002437,57c0829ce4b0718ff5fcb03a,
24,511111002598,55b630f5e4b0d8e685c14222,
25,511111002642,55b630c2e4b0d8e685c1421d,
26,511111002710,55a41a9de4b0d0a65b3692ed,
27,511111002871,5332fa84e4b03c9a25efd232,
28,511111002925,5332fa7ce4b03c9a25efd22d,
29,511111003038,5332fa74e4b03c9a25efd21e,
30,511111003199,5332f9fce4b03c9a25efd1cd,
31,511111003243,5332f9f2e4b03c9a25efd1c7,
32,511111003311,5332f802e4b03c9a25efd16d,
33,511111003472,5332f7afe4b03c9a25efd13e,
34,511111003526,5332f7aae4b03c9a25efd139,
35,511111003687,5332f765e4b03c9a25efd120,
36,511111003755,5332f754e4b03c9a25efd112,
37,511111003809,5332f734e4b03c9a25efd103,
38,511111003960,5332f5fbe4b03c9a25efd0bb,
39,511111004073,5a8c2e5ee4b0ccf165fac9e1,
40,511111004127,5a8c3226e4b07f0a2dac8942,
41,511111004288,5aa1b5b9e4b05a92fc9b1631,
42,511111004356,5ab152fae4b0be0a89bb0b05,
43,511111004400,5ab154eae4b0915382df7620,
44,511111004561,5afda65de4b0c11cfecd49fb,
45,511111004639,5bd200c690fa074576779a16,
46,511111004790,5c409ab4cd244a3539b84162,5cdacd63166eb33eb7ce0fa8
47,511111004844,5d2f68d96d5f3b107e208da4,
48,511111004912,5d601d74a3a018514994f422,
49,511111005094,5d6419346d5f3b23d1bc790e,
50,511111005148,5d642dbfa3a018514994f42e,
51,511111005216,5d658ff3a3a018514994f432,
52,511111005377,5d66da306d5f3b6188d4f04c,
53,511111005421,5d66dda06d5f3b6188d4f050,
54,511111005582,5da605dc1dda2c3e1416ae83,
55,511111005650,5da6071ea60b87376833e34d,
56,511111005704,5da607ef1dda2c3e1416ae89,
57,511111005865,5daf2a6b1dda2c3e1416ae91,
58,511111005933,5daf35a8a60b87376833e35d,
59,511111006022,5daf59751dda2c3e1416ae99,
60,511111006183,5db9e6551dda2c3e1416aea0,
61,511111006251,5dc076e41dda2c0ad7da64ab,
62,511111006305,5dc07e2aa60b873d6b0666d1,
63,511111013914,5e3875d2ee7f2d697e835bce,
64,511111015024,5ef3860fbe37ce02da95b72e,
65,511111015185,5f208dafbe37ce7958c59522,
66,511111015253,5f21c99dbe37ce7958c5952a,
67,511111015307,5f358338be37ce443bf9d559,
68,511111015468,5f385790be37ce5178517ad8,
69,511111015536,5f3e9172be37ce5a0e01b953,
70,511111015697,5f403232be37ce5f78d9ed19,
71,511111015741,5f43faabbe37ce3ef3fd3718,
72,511111015819,5f441281be37ce5dbe9b7c82,
73,511111015970,5f4936ddbe37ce52f8314fdc,
74,511111016069,5f493dacbe37ce64d0ae36bf,
75,511111016137,5f494c5e04db711dd8fe87e3,
76,511111016298,5f4a7a5ebe37ce2d95e65ca4,
77,511111016342,5f4bf556be37ce0b4491554c,
78,511111016410,5f4cff24a475f1050a66b56b,
79,511111016571,5f590184be37ce21f1287c12,
80,511111016625,5f5bc4f1be37ce17125ac0ec,
81,511111016786,5f772952be37ce6b592e90d3,
82,511111016854,5f7760f0be37ce1d26d7b7a6,
83,511111016908,5f7ba645be37ce23081c528c,
84,511111017011,5f872b7fbe37ce66db5dd977,
85,511111017172,5f99f720be37ce13da9eaded,
86,511111017226,5fa1c567be37ce402c4618f3,
87,511111017387,5fb6b695be37ce522e165cba,
88,511111017455,5fb7e52abe37ce522e165cc2,
89,511111017509,5fb7f8febe37ce522e165cc7,
90,511111017660,5fb81796be37ce522e165cd7,
91,511111017738,5fb821d1be37ce522e165cde,
92,511111017899,5fc54c0bbe37ce1911dbb3b5,
93,511111017943,5fcda494be37ce688e08b0cd,
94,511111018056,5fd29590be37ce38bbbefb26,
95,511111018100,5fd29591be37ce38bbbefb2c,
96,511111018261,5fd3ae1fbe37ce0d9386bb58,
97,511111018339,5fd7f2b4be37ce733975586d,
98,511111018490,5fdce9e9be37ce5fa8ba59d8,
99,511111018544,5ff3842bbe37ce2c56dacbae,
100,511111018612,5ff73cf9be37ce1e961f3259,
101,511111018773,5ff75cdebe37ce1e961f328b,
102,511111018827,5ff75cdfbe37ce1e961f3291,
103,511111018988,5ff78071be37ce6a424ca0ea,
104,511111019091,5ff8b5fbbe37ce4a13986610,
105,511111019145,5ffe2ca0be37ce5e01754c0b,
106,511111019213,5ffe2e38be37ce5e01754c23,
107,511111019374,5ffe35eabe37ce5e01754c46,
108,511111019428,5ffe35f9be37ce5e01754c4c,
109,511111019589,5fff3aa0be37ce2bb7930119,
110,511111019657,6000a0c9be37ce2bb7930121,
111,511111019701,6000b8c3be37ce321363c6c3,
112,511111019862,601ac115be37ce2ead437551,
113,511111019930,6026d757be37ce6369301468,
114,511111100065,5a5d2c1fe4b06ba572cf24a8,
115,511111100133,5a5d28ade4b0db471c2d0431,
116,511111100294,5a5d1fbfe4b0db471c2d0428,
117,511111100348,5a5d1e5fe4b06ba572cf249d,
118,511111100416,5a5d1acce4b0db471c2d0421,
119,511111100577,5a0218cae4b00efe02b02a59,
120,511111100621,59dfaad1e4b0a56a2fa69abc,
121,511111100782,592486bee410d61fcea3d130,
122,511111100850,592486bee410d61fcea3d129,
123,511111100904,592486bde410d61fcea3d124,
124,511111101017,58b598dbe4b0857c2ddb7253,
125,511111101178,5887a17ee4b02187f85cdad3,
126,511111101222,58863e1ee4b02187f85cdace,
127,511111101383,58861c7e4e8d0d20bc42c4e4,
128,511111101451,585b0b23e4b03e62d1ce0e99,
129,511111101505,585a9720e4b03e62d1ce0e94,
130,511111101666,585a968ee4b03e62d1ce0e82,
131,511111101734,585a9653e4b03e62d1ce0e7b,
132,511111101895,57ed0697e4b072ac2294b8f2,
133,511111101949,57ebc2bde4b0ac389136a348,
134,511111102052,57ebc12ce4b0ac389136a33c,
135,511111102106,57ebc01fe4b0ac389136a337,
136,511111102267,57e58166e4b0ac389136a30b,
137,511111102335,57d96112e4b0ac389136a2b8,
138,511111102496,57c08257e4b0718ff5fcb034,
139,511111102540,57c08106e4b0718ff5fcb02c,
140,511111102618,55b630e1e4b0d8e685c14220,
141,511111102779,540f240768abd3c7065097d4,
142,511111102823,53501d2ab9237fd7718f9e19,
143,511111102984,5332fa79e4b03c9a25efd227,
144,511111103097,5332fa1ae4b03c9a25efd1e9,
145,511111103141,5332fa05e4b03c9a25efd1d6,
146,511111103219,5332f9f4e4b03c9a25efd1ca,
147,511111103370,5332f7eee4b03c9a25efd15e,
148,511111103424,5332f7b7e4b03c9a25efd144,
149,511111103585,5332f79ee4b03c9a25efd131,
150,511111103653,5332f772e4b03c9a25efd125,
151,511111103707,5332f762e4b03c9a25efd11e,
152,511111103868,5332f6f4e4b03c9a25efd0ed,
153,511111103936,5332f603e4b03c9a25efd0be,
154,511111104025,5332f5f3e4b03c9a25efd0ad,
155,511111104186,5a8c363ce4b0ccf165fac9e7,
156,511111104254,5a8f64c6e4b0a2e2844f5695,
157,511111104308,5ab1314de4b0915382df761a,
158,511111104469,5afda18ee4b0c11cfecd49f5,
159,511111104537,5afda575e4b0c11cfecd49f9,
160,511111104698,5bd201a990fa074576779a19,
161,511111104742,5c49d24df0276e771967371a,
162,511111104810,5cdad0f5166eb33eb7ce0faa,
163,511111104971,5d6412d36d5f3b23d1bc7908,
164,511111105046,5d6415c66d5f3b23d1bc790c,
165,511111105114,5d6423ffa3a018514994f42c,
166,511111105275,5d66d4666d5f3b6188d4f046,
167,511111105329,5d66d71fa3a018093ab34728,
168,511111105480,5d66dfec6d5f3b6188d4f053,
169,511111105558,5da603a71dda2c3e1416ae82,
170,511111105602,5da60649a60b87376833e34b,
171,511111105763,5da608a8a60b87376833e353,
172,511111105831,5da609621dda2c3e1416ae8f,
173,511111105992,5daf4f9ca60b87376833e360,
174,511111106081,5daf68751dda2c3e1416ae9c,
175,511111106159,5db77d891dda2c3e1416ae9f,
176,511111106203,5db9f8c5a60b87376833e36a,
177,511111106364,5dc2db051dda2c0ad7da64b0,
178,511111106432,5c6c2f9295144c6db8fe1977,
179,511111106876,5c76d3cd95144c5375687b4f,
180,511111112938,5db32879ee7f2d6de4248976,
181,511111114062,5e5ff32bee7f2d0b35b2a190,
182,511111114413,5e90a545ee7f2d70340f40d7,
183,511111114628,5ec2dc5fbe37ce5234ec36b8,
184,511111115083,5f16f536be37ce2b30061e27,
185,511111115151,5f19e055be37ce33f74a1673,
186,511111115205,5f208dafbe37ce7958c59524,
187,511111115366,5f35a0babe37ce6853cff1ff,
188,511111115434,5f38578fbe37ce5178517ad5,
189,511111115595,5f3ff200be37ce1c81aa1e0b,
190,511111115649,5f3ff223be37ce1c81aa1e11,
191,511111115717,5f43faabbe37ce3ef3fd3715,
192,511111115878,5f4802bebe37ce0c83033741,
193,511111115922,5f493682be37ce52f8314fce,
194,511111116035,5f493dabbe37ce64d0ae36bc,
195,511111116196,5f4a64e7be37ce17d23b3179,
196,511111116240,5f4a650bbe37ce17d23b317f,
197,511111116318,5f4bf53dbe37ce0b44915541,
198,511111116479,5f504ac3be37ce0b793c9416,
199,511111116523,5f513ea1be37ce21f1287c04,
200,511111116684,5f628216be37ce78e6e2efaf,
201,511111116752,5f77274dbe37ce6b592e90c0,
202,511111116806,5f772952be37ce6b592e90d5,
203,511111116967,5f7ba932be37ce2f290fb253,
204,511111117070,5f9770bfbe37ce03d08a2d85,
205,511111117124,5f99f71bbe37ce13da9eade7,
206,511111117285,5fa98944be37ce239d107102,
207,511111117353,5fb2852dbe37ce522e165cb3,
208,511111117407,5fb6b82dbe37ce522e165cbc,
209,511111117568,5fb806b5be37ce522e165ccd,
210,511111117636,5fb80e12be37ce522e165cd4,
211,511111117797,5fb829c0be37ce522e165ce4,
212,511111117841,5fb82faebe37ce522e165ce9,
213,511111117919,5fc54c17be37ce1911dbb3b8,
214,511111118008,5fcff304be37ce6d53dfc686,
215,511111118169,5fd2a0c0be37ce49eb72c0f4,
216,511111118237,5fd3ae1fbe37ce0d9386bb55,
217,511111118398,5fda3724be37ce09e3515973,
218,511111118442,5fdce8dbbe37ce5fa8ba59c2,
219,511111118510,5fdce9e9be37ce5fa8ba59da,
220,511111118671,5ff74126be37ce1e961f3270,
221,511111118725,5ff74500be37ce1e961f3277,
222,511111118886,5ff768e3be37ce1e961f32a0,
223,511111118954,5ff78070be37ce6a424ca0e6,
224,511111119043,5ff789c5be37ce786ba0f6a6,
225,511111119111,5ff8b5fcbe37ce4a13986612,
226,511111119272,5ffe336fbe37ce5e01754c31,
227,511111119326,5ffe347ebe37ce5e01754c3f,
228,511111119487,5ffe3687be37ce5e01754c62,
229,511111119555,5fff3a7abe37ce2bb793010e,
230,511111119609,5fff3aa1be37ce2bb793011b,
231,511111119760,60019b82be37ce4f17e558d5,
232,511111119838,60074277be37ce360be63a02,
233,511111200031,5a5e34fee4b0db471c2d0436,
234,511111200192,5a5d263ee4b06ba572cf24a4,
235,511111200246,5a5d2431e4b06ba572cf24a1,
236,511111200314,5a5d1ef1e4b0db471c2d0426,
237,511111200475,5a4d254ce4b0bcb2c74ea780,
238,511111200529,5a4d2295e4b0d5c3fd86b679,
239,511111200680,592486bfe410d61fcea3d13c,
240,511111200758,592486bee410d61fcea3d134,
241,511111200802,592486bee410d61fcea3d12e,
242,511111200963,591325cde4b0cddf4ebb6a69,
243,511111201076,588ba07be4b02187f85cdadd,
244,511111201120,5887a320e4b02187f85cdad8,
245,511111201281,58861c7f4e8d0d20bc42c4fb,
246,511111201359,58861c7e4e8d0d20bc42c4ee,
247,511111201403,58861c7e4e8d0d20bc42c4e2,
248,511111201564,585a96f5e4b03e62d1ce0e8d,
249,511111201632,585a96b3e4b03e62d1ce0e85,
250,511111201793,585a9618e4b03e62d1ce0e75,
251,511111201847,580dffa7e4b0f32b2de21383,
252,511111201915,57ebc2e7e4b0ac389136a34b,
253,511111202004,57ebc15fe4b0ac389136a342,
254,511111202165,57ebbfa9e4b0ac389136a331,
255,511111202233,57e5820ce4b0ac389136a311,
256,511111202394,57d95749e4b0ac389136a2b2,
257,511111202448,57c08294e4b0718ff5fcb039,
258,511111202516,57c08242e4b0718ff5fcb032,
259,511111202677,55b6308ee4b0d8e685c1421a,
260,511111202721,552ecca1e4b02ff29f99b215,
261,511111202882,5332fa80e4b03c9a25efd231,
262,511111202950,5332fa7ae4b03c9a25efd22a,
263,511111203049,5332fa73e4b03c9a25efd21d,
264,511111203117,5332fa0ae4b03c9a25efd1dd,
265,511111203278,5332f9f0e4b03c9a25efd1c3,
266,511111203322,5332f800e4b03c9a25efd16c,
267,511111203483,5332f7afe4b03c9a25efd13d,
268,511111203551,5332f7a8e4b03c9a25efd136,
269,511111203605,5332f77de4b03c9a25efd12b,
270,511111203766,5332f753e4b03c9a25efd110,
271,511111203834,5332f70ae4b03c9a25efd0f4,
272,511111203995,5332f5f5e4b03c9a25efd0b1,
273,511111204084,5a8c2eeee4b0ccf165fac9e2,
274,511111204152,5a8c34d7e4b07f0a2dac8944,
275,511111204206,5a8c36dbe4b0ccf165fac9e9,
276,511111204367,5ab15392e4b0915382df761d,
277,511111204435,5ab1589ae4b0915382df7621,
278,511111204596,5b184cdbe4b0d159a5b66e2b,
279,511111204640,5bd200fc965c7d66d92731eb,
280,511111204718,5bd201f090fa074576779a1a,
281,511111204879,5d4880ca6d5f3b105d1bc8dc,
282,511111204923,5c45f91b87ff3552f950f027,5d6027f46d5f3b23d1bc7906
283,511111205012,5d6413156d5f3b23d1bc790a,
284,511111205173,5d658fc0a3a018514994f430,
285,511111205227,5d658ffa6d5f3b23d1bc7914,
286,511111205388,5d66dad8a3a018093ab34729,
287,511111205456,5d66def56d5f3b6188d4f052,
288,511111205500,5d66e07da3a018093ab3472d,
289,511111205661,5da6076f1dda2c3e1416ae88,
290,511111205739,5da60843a60b87376833e351,
291,511111205890,5daf329ca60b87376833e35a,
292,511111205944,5daf3eed1dda2c3e1416ae94,
293,511111206057,5daf5f65a60b87376833e363,
294,511111206101,5daf6baaa60b87376833e364,
295,511111206262,5dc0773ea60b873d6b0666ce,
296,511111206330,5dc2d9d4a60b873d6b0666d2,
297,511111208532,5c9a975495144c182bbc7270,
298,511111213925,5e3875f5ee7f2d697e835bcf,
299,511111214038,5e5ff158ee7f2d0b35b2a18d,
300,511111215059,5f16f512be37ce2b30061e1e,
301,511111215103,5f16f536be37ce2b30061e29,
302,511111215264,5f21ca86be37ce7958c5952b,
303,511111215332,5f358338be37ce443bf9d55c,
304,511111215493,5f3d6f44be37ce4ddbb1bb3c,
305,511111215547,5f3e9172be37ce5a0e01b954,
306,511111215615,5f3ff222be37ce1c81aa1e0e,
307,511111215776,5f441280be37ce5dbe9b7c7e,
308,511111215820,5f441281be37ce5dbe9b7c84,
309,511111215981,5f4936ddbe37ce52f8314fdd,
310,511111216094,5f493e72be37ce64d0ae36c4,
311,511111216148,5f494c5e04db711dd8fe87e4,
312,511111216216,5f4a64e7be37ce17d23b317b,
313,511111216377,5f4cff1aa475f1050a66b567,
314,511111216421,5f4cffbba475f1050a66b574,
315,511111216582,5f5bc4f1be37ce17125ac0e7,
316,511111216650,5f628215be37ce78e6e2efac,
317,511111216704,5f77274bbe37ce6b592e90ba,
318,511111216865,5f7760f2be37ce1d26d7b7a7,
319,511111216933,5f7ba678be37ce23081c5297,
320,511111217022,5f872b7fbe37ce66db5dd978,
321,511111217183,5fa1ba01be37ce402c4618e7,
322,511111217251,5fa98944be37ce239d1070fe,
323,511111217305,5fa98945be37ce239d107104,
324,511111217466,5fb7e62dbe37ce522e165cc3,
325,511111217534,5fb7fae8be37ce522e165cca,
326,511111217695,5fb81935be37ce522e165cda,
327,511111217749,5fb82236be37ce522e165cdf,
328,511111217817,5fb82a68be37ce522e165ce6,
329,511111217978,5fcda494be37ce688e08b0d0,
330,511111218067,5fd29590be37ce38bbbefb27,
331,511111218135,5fd2a0bfbe37ce49eb72c0f1,
332,511111218296,5fd7f2b3be37ce7339755869,
333,511111218340,5fd7f2b8be37ce733975586f,
334,511111218418,5fdce8dbbe37ce5fa8ba59bf,
335,511111218579,5ff3842bbe37ce2c56dacbb1,
336,511111218623,5ff73cf9be37ce1e961f325a,
337,511111218784,5ff75cdebe37ce1e961f328d,
338,511111218852,5ff768d4be37ce1e961f329c,
339,511111218906,5ff77857be37ce58ce50083b,
340,511111219019,5ff789c5be37ce786ba0f6a3,
341,511111219170,5ffe2ca1be37ce5e01754c0e,
342,511111219224,5ffe2e39be37ce5e01754c24,
343,511111219385,5ffe35eabe37ce5e01754c47,
344,511111219453,5ffe3686be37ce5e01754c5f,
345,511111219507,5ffe3a86be37ce7aab2d4fd6,
346,511111219668,6000a0f3be37ce2bb793012a,
347,511111219736,60019b82be37ce4f17e558d2,
348,511111219897,601ac142be37ce2ead43755c,
349,511111300090,5a5d2ac5e4b06ba572cf24a7,
350,511111300144,5a5d2856e4b0db471c2d0430,
351,511111300212,5a5d257fe4b06ba572cf24a3,
352,511111300373,5a5d1c77e4b06ba572cf249a,
353,511111300427,5a5d1a8ce4b0db471c2d0420,
354,511111300588,5a02188be4b00d6a5ccb394d,
355,511111300656,592486bfe410d61fcea3d140,
356,511111300700,592486bfe410d61fcea3d139,
357,511111300861,592486bee410d61fcea3d128,
358,511111300939,592486bde410d61fcea3d121,
359,511111301028,58b5988ce4b0857c2ddb7252,
360,511111301189,5887a143e4b02187f85cdad2,
361,511111301257,58861c7f4e8d0d20bc42c4fe,
362,511111301301,58861c7f4e8d0d20bc42c4f9,
363,511111301462,585a9744e4b03e62d1ce0e98,
364,511111301530,585a970ee4b03e62d1ce0e91,
365,511111301691,585a9675e4b03e62d1ce0e7f,
366,511111301745,585a964ce4b03e62d1ce0e7a,
367,511111301813,581ce962e4b058c71f74c443,
368,511111301974,57ebc293e4b0ac389136a345,
369,511111302063,57ebc125e4b0ac389136a33b,
370,511111302131,57ebc009e4b0ac389136a334,
371,511111302292,57e580e8e4b0ac389136a304,
372,511111302346,57d95826e4b0ac389136a2b7,
373,511111302414,57d848efe4b0ac389136a2aa,
374,511111302575,55bf8c15e4b0d8e685c1489c,
375,511111302629,55b630d9e4b0d8e685c1421f,
376,511111302780,537b7ec2892471241348d70a,
377,511111302858,53501d29b9237fd7718f9e15,
378,511111302902,5332fa7de4b03c9a25efd22f,
379,511111303015,5332fa75e4b03c9a25efd221,
380,511111303176,5332f9fde4b03c9a25efd1cf,
381,511111303220,5332f9f3e4b03c9a25efd1c9,
382,511111303381,5332f7e0e4b03c9a25efd151,
383,511111303459,5332f7b4e4b03c9a25efd140,
384,511111303503,5332f7ace4b03c9a25efd13b,
385,511111303664,5332f769e4b03c9a25efd122,
386,511111303732,5332f757e4b03c9a25efd114,
387,511111303893,5332f60ce4b03c9a25efd0c3,
388,511111303947,5332f5fee4b03c9a25efd0bd,
389,511111304050,5332f5ebe4b03c9a25efd0a7,
390,511111304104,5a8c3140e4b07f0a2dac8941,
391,511111304265,5aa1b41de4b086c8aad5e096,
392,511111304333,5ab15207e4b0be0a89bb0b04,
393,511111304494,5afda22ee4b03bf01c2a2965,
394,511111304548,5afda5a6e4b03bf01c2a2968,
395,511111304616,5bcdfc5a965c7d66d92731e9,
396,511111304777,5cc725bd166eb31bbbadccbd,
397,511111304821,5cdad1daca6a4c76f3f8c515,
398,511111304982,5d6412e9a3a018514994f426,
399,511111305071,5d6417f56d5f3b23d1bc790d,
400,511111305125,5c4699f387ff3577e203ea29,5d642d65a3a018514994f42d
401,511111305286,5d66d516a3a018093ab34725,
402,511111305354,5d66d9016d5f3b6188d4f04a,
403,511111305408,5d66dc946d5f3b6188d4f04e,
404,511111305569,5da60576a60b87376833e349,
405,511111305637,5da606ae1dda2c3e1416ae86,
406,511111305798,5da608f61dda2c3e1416ae8e,
407,511111305842,5da6097ea60b87376833e358,
408,511111305910,5daf33e71dda2c3e1416ae93,
409,511111306009,5daf54491dda2c3e1416ae97,
410,511111306160,5db77f7aa60b87376833e368,
411,511111306238,5dc0351a1dda2c0ad7da64aa,
412,511111306887,5c76db7295144c5375687b50,
413,511111312949,5db3288aee7f2d6de4248977,
414,511111314097,5e710dd5ee7f2d0b35b2a193,
415,511111314653,5ec2dde7be37ce5234ec36bb,
416,511111315162,5f19e062be37ce33f74a1675,
417,511111315230,5f21c54abe37ce7958c59528,
418,511111315391,5f35a0babe37ce6853cff202,
419,511111315445,5f38578fbe37ce5178517ad6,
420,511111315513,5f3d6f44be37ce4ddbb1bb3e,
421,511111315674,5f403231be37ce5f78d9ed17,
422,511111315728,5f43faabbe37ce3ef3fd3716,
423,511111315889,5f4802d2be37ce0c83033743,
424,511111315957,5f4936ddbe37ce52f8314fd9,
425,511111316046,5f493dabbe37ce64d0ae36bd,
426,511111316114,5f493e72be37ce64d0ae36c6,
427,511111316275,5f4a7a5dbe37ce2d95e65ca2,
428,511111316329,5f4bf556be37ce0b4491554a,
429,511111316480,5f504acabe37ce0b793c9418,
430,511111316558,5f59002dbe37ce21f1287c10,
431,511111316602,5f5bc4f1be37ce17125ac0ea,
432,511111316763,5f772951be37ce6b592e90d0,
433,511111316831,5f7760f0be37ce1d26d7b7a4,
434,511111316992,5f7ba933be37ce2f290fb256,
435,511111317081,5f9770bfbe37ce03d08a2d86,
436,511111317159,5f99f71bbe37ce13da9eadea,
437,511111317203,5fa1c567be37ce402c4618f1,
438,511111317364,5fb28549be37ce522e165cb5,
439,511111317432,5fb6d726be37ce522e165cc0,
440,511111317593,5fb80a6bbe37ce522e165cd0,
441,511111317647,5fb80e70be37ce522e165cd5,
442,511111317715,5fb81ab9be37ce522e165cdc,
443,511111317876,5fc54c0abe37ce1911dbb3b3,
444,511111317920,5fcda47cbe37ce688e08b0c3,
445,511111318033,5fcff319be37ce6d53dfc691,
446,511111318194,5fd3acb6be37ce0d9386bb41,
447,511111318248,5fd3ae1fbe37ce0d9386bb56,
448,511111318316,5fd7f2b3be37ce733975586b,
449,511111318477,5fdce9cabe37ce5fa8ba59ce,
450,511111318521,5fdce9eabe37ce5fa8ba59db,
451,511111318682,5ff74126be37ce1e961f3271,
452,511111318750,5ff74500be37ce1e961f327a,
453,511111318804,5ff75cdfbe37ce1e961f328f,
454,511111318965,5ff78071be37ce6a424ca0e8,
455,511111319078,5ff8b5fbbe37ce4a1398660e,
456,511111319122,5ff8b5febe37ce4a13986614,
457,511111319283,5ffe336fbe37ce5e01754c32,
458,511111319351,5ffe347fbe37ce5e01754c42,
459,511111319405,5ffe35eabe37ce5e01754c49,
460,511111319566,5fff3aa0be37ce2bb7930117,
461,511111319634,6000a0c6be37ce2bb793011f,
462,511111319795,60074261be37ce360be639f6,
463,511111319849,60074278be37ce360be63a03,
464,511111319917,601ac142be37ce2ead43755e,
465,511111400042,5a5e32c3e4b06ba572cf24aa,
466,511111400110,5a5d29fde4b0db471c2d0433,
467,511111400271,5a5d234be4b06ba572cf249f,
468,511111400325,5a5d1e8fe4b06ba572cf249e,
469,511111400486,5a4d250ce4b0d5c3fd86b67b,
470,511111400554,5a0219ede4b00d6a5ccb394e,
471,511111400608,5a021611e4b00efe02b02a57,
472,511111400769,592486bee410d61fcea3d133,
473,511111400837,592486bee410d61fcea3d12b,
474,511111400998,58b59989e4b0857c2ddb7255,
475,511111401087,588ba032e4b02187f85cdadc,
476,511111401155,5887a216e4b02187f85cdad5,
477,511111401209,5887a051e4b02187f85cdad0,
478,511111401360,58861c7e4e8d0d20bc42c4ea,
479,511111401438,58861c7d4e8d0d20bc42c4d7,
480,511111401599,585a96e0e4b03e62d1ce0e8a,
481,511111401643,585a96ade4b03e62d1ce0e84,
482,511111401711,585a9661e4b03e62d1ce0e7d,
483,511111401872,580dff8fe4b0f32b2de21380,
484,511111401926,57ebc2dfe4b0ac389136a34a,
485,511111402039,57ebc13de4b0ac389136a33e,
486,511111402190,57ebbed8e4b0ac389136a32e,
487,511111402244,57e581dfe4b0ac389136a30e,
488,511111402312,57d9612be4b0ac389136a2ba,
489,511111402473,57c08275e4b0718ff5fcb036,
490,511111402527,57c0812de4b0718ff5fcb02e,
491,511111402688,55a58727e4b0d0a65b3693cd,
492,511111402756,5457a0cde4b05a46170caebc,
493,511111402800,53501e6cb9237fd7718f9e25,
494,511111402961,5332fa7ae4b03c9a25efd229,
495,511111403074,5332fa67e4b03c9a25efd216,
496,511111403128,5332fa08e4b03c9a25efd1d9,
497,511111403289,5332f9ede4b03c9a25efd1c2,
498,511111403357,5332f7f5e4b03c9a25efd163,
499,511111403401,5332f7c8e4b03c9a25efd148,
500,511111403562,5332f7a8e4b03c9a25efd135,
501,511111403630,5332f775e4b03c9a25efd127,
502,511111403791,5332f73ee4b03c9a25efd108,
503,511111403845,5332f709e4b03c9a25efd0f2,
504,511111403913,5332f605e4b03c9a25efd0c0,
505,511111404002,5332f5f5e4b03c9a25efd0b0,
506,511111404163,5a8c3577e4b07f0a2dac8945,
507,511111404231,5a8c5ee7e4b07f0a2dac8948,
508,511111404392,5ab154dde4b0915382df761f,
509,511111404446,5ab158e8e4b0915382df7622,
510,511111404514,5afda307e4b03bf01c2a2966,
511,511111404675,5bd2016990fa074576779a18,
512,511111404729,5c112616315a241ba1716511,
513,511111404880,5d540e65a3a018514994f41f,
514,511111404958,5d603537a3a018514994f424,
515,511111405023,5d6415a26d5f3b23d1bc790b,
516,511111405184,5d658fca6d5f3b23d1bc7912,
517,511111405252,5d66d2fd6d5f3b6188d4f045,
518,511111405306,5d66d6016d5f3b6188d4f047,
519,511111405467,5d66df24a3a018093ab3472b,
520,511111405535,5d9d0270a60b87376833e347,
521,511111405696,5da607daa60b87376833e350,
522,511111405740,5da60859a60b87376833e352,
523,511111405818,5da60932a60b87376833e356,
524,511111405979,5daf472da60b87376833e35e,
525,511111406068,5daf60021dda2c3e1416ae9a,
526,511111406136,5db20be5a60b87376833e366,
527,511111406297,5dc07de6a60b873d6b0666d0,
528,511111406341,5dc2da1fa60b873d6b0666d3,
529,511111413950,5e387679ee7f2d697e835bd2,
530,511111414049,5e5ff1f7ee7f2d0b35b2a18e,
531,511111414551,5ea07e02be37ce3e45b6a781,
532,511111415060,5f16f536be37ce2b30061e25,
533,511111415138,5f19e054be37ce33f74a1671,
534,511111415299,5f358338be37ce443bf9d558,
535,511111415343,5f35834dbe37ce443bf9d565,
536,511111415411,5f38576ebe37ce5178517acb,
537,511111415572,5f3e9173be37ce5a0e01b957,
538,511111415626,5f3ff222be37ce1c81aa1e0f,
539,511111415787,5f441280be37ce5dbe9b7c7f,
540,511111415855,5f4802bdbe37ce0c8303373f,
541,511111415909,5f493682be37ce52f8314fcc,
542,511111416012,5f493d85be37ce64d0ae36b2,
543,511111416173,5f494c6e04db711dd8fe87e7,
544,511111416227,5f4a64e7be37ce17d23b317c,
545,511111416388,5f4cff1ba475f1050a66b568,
546,511111416456,5f504ac2be37ce0b793c9414,
547,511111416500,5f513ea1be37ce21f1287c02,
548,511111416661,5f628215be37ce78e6e2efad,
549,511111416739,5f77274bbe37ce6b592e90bd,
550,511111416890,5f7ba645be37ce23081c528b,
551,511111416944,5f7ba914be37ce2f290fb250,
552,511111417057,5f872bd4be37ce66db5dd983,
553,511111417101,5f9770c0be37ce03d08a2d88,
554,511111417262,5fa98944be37ce239d107100,
555,511111417330,5fb2852cbe37ce522e165cb1,
556,511111417491,5fb7e962be37ce522e165cc6,
557,511111417545,5fb800f1be37ce522e165ccb,
558,511111417613,5fb80d7cbe37ce522e165cd2,
559,511111417774,5fb823dfbe37ce522e165ce2,
560,511111417828,5fb82f4bbe37ce522e165ce7,
561,511111417989,5fcff304be37ce6d53dfc684,
562,511111418092,5fd29591be37ce38bbbefb2a,
563,511111418146,5fd2a0bfbe37ce49eb72c0f2,
564,511111418214,5fd3acb6be37ce0d9386bb43,
565,511111418375,5fda3724be37ce09e3515971,
566,511111418429,5fdce8dbbe37ce5fa8ba59c0,
567,511111418580,5ff3842bbe37ce2c56dacbb2,
568,511111418658,5ff74123be37ce1e961f3266,
569,511111418702,5ff74126be37ce1e961f3273,
570,511111418863,5ff768d4be37ce1e961f329d,
571,511111418931,5ff77859be37ce58ce50083e,
572,511111419020,5ff789c5be37ce786ba0f6a4,
573,511111419181,5ffe2ce0be37ce5e01754c17,
574,511111419259,5ffe336fbe37ce5e01754c2f,
575,511111419303,5ffe3381be37ce5e01754c35,
576,511111419464,5ffe3686be37ce5e01754c60,
577,511111419532,5ffe3a87be37ce7aab2d4fd9,
578,511111419693,6000b8c3be37ce321363c6c2,
579,511111419747,60019b82be37ce4f17e558d3,
580,511111419815,60074277be37ce360be63a00,
581,511111500018,5a5e36d6e4b06ba572cf24ac,
582,511111500179,5a5d26c7e4b06ba572cf24a5,
583,511111500223,5a5d24c2e4b0db471c2d042b,
584,511111500384,5a5d1c62e4b0db471c2d0424,
585,511111500452,5a5d144ee4b0db471c2d041d,
586,511111500506,5a4d244ae4b0bcb2c74ea77f,
587,511111500667,592486bfe410d61fcea3d13f,
588,511111500735,592486bee410d61fcea3d136,
589,511111500896,592486bde410d61fcea3d125,
590,511111500940,592486bde410d61fcea3d120,
591,511111501053,588ba164e4b02187f85cdadf,
592,511111501107,588b9f8fe4b02187f85cdada,
593,511111501268,58861c7f4e8d0d20bc42c4fd,
594,511111501336,58861c7e4e8d0d20bc42c4f6,
595,511111501497,585a9726e4b03e62d1ce0e95,
596,511111501541,585a9707e4b03e62d1ce0e90,
597,511111501619,585a96cbe4b03e62d1ce0e88,
598,511111501770,585a9637e4b03e62d1ce0e77,
599,511111501824,580e015be4b0f32b2de21385,
600,511111501985,57ebc28be4b0ac389136a344,
601,511111502098,57ebc026e4b0ac389136a338,
602,511111502142,57ebc003e4b0ac389136a333,
603,511111502210,57ebbcc2e4b0ac389136a32c,
604,511111502371,57d957f2e4b0ac389136a2b4,
605,511111502425,57c082a6e4b0718ff5fcb03b,
606,511111502586,55b630fde4b0d8e685c14223,
607,511111502654,55b630a4e4b0d8e685c1421c,
608,511111502708,55a41b55e4b0d0a65b3692ef,
609,511111502869,5332fb83e4b03c9a25efd24a,
610,511111502937,5332fa7be4b03c9a25efd22c,
611,511111503026,5332fa75e4b03c9a25efd220,
612,511111503187,5332f9fde4b03c9a25efd1ce,
613,511111503255,5332f9f1e4b03c9a25efd1c5,
614,511111503309,5332f806e4b03c9a25efd16e,
615,511111503460,5332f7b2e4b03c9a25efd13f,
616,511111503538,5332f7a9e4b03c9a25efd138,
617,511111503699,5332f765e4b03c9a25efd11f,
618,511111503743,5332f756e4b03c9a25efd113,
619,511111503811,5332f712e4b03c9a25efd0f8,
620,511111503972,5332f5fbe4b03c9a25efd0b9,
621,511111504061,5a7e0c1ae4b0782f27c68d4e,
622,511111504139,5a7e0604e4b0aedb3b84afd3,5a8c33f3e4b07f0a2dac8943
623,511111504290,5ab130e2e4b0915382df7619,
624,511111504344,5ab1528ce4b0915382df761c,
625,511111504412,5ab15636e4b0be0a89bb0b07,
626,511111504573,5afda67de4b0c11cfecd49fc,
627,511111504627,5bd200a6965c7d66d92731ea,
628,511111504788,5c408e8bcd244a1fdb47aee7,5ccb2ece166eb31bbbadccbe
629,511111504856,5d2f69a6a3a01810a2174aec,
630,511111504900,5d5abca1a3a018514994f421,
631,511111505082,5d64191ea3a018514994f42b,
632,511111505150,5d642dd1a3a018514994f42f,
633,511111505204,5d658fde6d5f3b23d1bc7913,
634,511111505365,5d66d94d6d5f3b6188d4f04b,
635,511111505433,5d66de49a3a018093ab3472a,
636,511111505594,5da606361dda2c3e1416ae84,
637,511111505648,5da606c61dda2c3e1416ae87,
638,511111505716,5da608131dda2c3e1416ae8a,
639,511111505877,5daf2baea60b87376833e359,
640,511111505921,5daf3507a60b87376833e35c,
641,511111506034,5daf5d1aa60b87376833e361,
642,511111506195,5db9e8db1dda2c3e1416aea1,
643,511111506249,5dc03596a60b873d6b0666cd,
644,511111506317,5dc1aaf51dda2c0ad7da64ad,
645,511111515036,5ef38672be37ce02da95b72f,
646,511111515197,5f208dafbe37ce7958c59523,
647,511111515241,5f21c852be37ce7958c59529,
648,511111515319,5f358338be37ce443bf9d55a,
649,511111515470,5f3d6f43be37ce4ddbb1bb39,
650,511111515524,5f3d6f45be37ce4ddbb1bb3f,
651,511111515685,5f403231be37ce5f78d9ed18,
652,511111515753,5f43faacbe37ce3ef3fd3719,
653,511111515807,5f441280be37ce5dbe9b7c81,
654,511111515968,5f4936ddbe37ce52f8314fdb,
655,511111516071,5f493e72be37ce64d0ae36c1,
656,511111516125,5f493e73be37ce64d0ae36c7,
657,511111516286,5f4a7a5dbe37ce2d95e65ca3,
658,511111516354,5f4bf556be37ce0b4491554d,
659,511111516408,5f4cff1ca475f1050a66b56a,
660,511111516569,5f5900d4be37ce21f1287c11,
661,511111516637,5f5bc4f2be37ce17125ac0ed,
662,511111516798,5f772952be37ce6b592e90d4,
663,511111516842,5f7760f0be37ce1d26d7b7a5,
664,511111516910,5f7ba645be37ce23081c528d,
665,511111517009,5f872b7fbe37ce66db5dd976,
666,511111517160,5f99f71bbe37ce13da9eadeb,
667,511111517238,5fa1c568be37ce402c4618f4,
668,511111517399,5fb6b6e1be37ce522e165cbb,
669,511111517443,5fb6d83cbe37ce522e165cc1,
670,511111517511,5fb7f9c2be37ce522e165cc8,
671,511111517672,5fb817e8be37ce522e165cd8,
672,511111517726,5fb8216ebe37ce522e165cdd,
673,511111517887,5fc54c0bbe37ce1911dbb3b4,
674,511111517955,5fcda494be37ce688e08b0ce,
675,511111518044,5fd28f0cbe37ce6d53dfc692,
676,511111518112,5fd2a0aebe37ce49eb72c0ee,
677,511111518273,5fd3ae1fbe37ce0d9386bb59,
678,511111518327,5fd7f2b3be37ce733975586c,
679,511111518488,5fdce9e9be37ce5fa8ba59d7,
680,511111518556,5ff3842bbe37ce2c56dacbaf,
681,511111518600,5ff73cf9be37ce1e961f3258,
682,511111518761,5ff74500be37ce1e961f327b,
683,511111518839,5ff768d4be37ce1e961f329a,
684,511111518990,5ff78071be37ce6a424ca0eb,
685,511111519089,5ff8b5fbbe37ce4a1398660f,
686,511111519157,5ffe2ca0be37ce5e01754c0c,
687,511111519201,5ffe2e38be37ce5e01754c22,
688,511111519362,5ffe3480be37ce5e01754c44,
689,511111519430,5ffe3682be37ce5e01754c55,
690,511111519591,5fff3aa0be37ce2bb793011a,
691,511111519645,6000a0c6be37ce2bb7930120,
692,511111519713,6000b8c4be37ce321363c6c4,
693,511111519874,601ac142be37ce2ead43755a,
694,511111519928,601c5460be37ce2ead43755f,
695,511111600077,5a5d2bcbe4b0db471c2d0435,
696,511111600121,5a5d28f1e4b0db471c2d0432,
697,511111600282,5a5d209ae4b0db471c2d0429,
698,511111600350,5a5d1d71e4b06ba572cf249c,
699,511111600404,5a5d1ba9e4b0db471c2d0422,
700,511111600565,5a02196ce4b00efe02b02a5a,
701,511111600633,59d550f4e4b090070b009534,
702,511111600794,592486bee410d61fcea3d12f,
703,511111600848,592486bee410d61fcea3d12a,
704,511111600916,592486bde410d61fcea3d123,
705,511111601005,58b59950e4b0857c2ddb7254,
706,511111601166,5887a1c8e4b02187f85cdad4,
707,511111601234,58861d07e4b02187f85cdacd,
708,511111601395,58861c7e4e8d0d20bc42c4e3,
709,511111601449,58861c7d4e8d0d20bc42c4d6,
710,511111601517,585a971ae4b03e62d1ce0e93,
711,511111601678,585a9686e4b03e62d1ce0e81,
712,511111601722,585a965be4b03e62d1ce0e7c,
713,511111601883,580dff84e4b0f32b2de2137f,
714,511111601951,57ebc2b7e4b0ac389136a347,
715,511111602040,57ebc134e4b0ac389136a33d,
716,511111602118,57ebc017e4b0ac389136a336,
717,511111602279,57e58157e4b0ac389136a30a,
718,511111602323,57d96124e4b0ac389136a2b9,
719,511111602484,57c08268e4b0718ff5fcb035,
720,511111602552,57ace91ae4b057c992a316ac,
721,511111602606,55b630ece4b0d8e685c14221,
722,511111602767,540f241c68abd3c7065097d5,
723,511111602835,53501d29b9237fd7718f9e17,
724,511111602996,5332fa79e4b03c9a25efd226,
725,511111603085,5332fa58e4b03c9a25efd214,
726,511111603153,5332fa03e4b03c9a25efd1d5,
727,511111603207,5332f9fce4b03c9a25efd1cc,
728,511111603368,5332f7f0e4b03c9a25efd160,
729,511111603436,5332f7b5e4b03c9a25efd142,
730,511111603597,5332f789e4b03c9a25efd12c,
731,511111603641,5332f774e4b03c9a25efd126,
732,511111603719,5332f760e4b03c9a25efd11b,
733,511111603870,5332f6ede4b03c9a25efd0e5,
734,511111603924,5332f603e4b03c9a25efd0bf,
735,511111604037,5332f5f2e4b03c9a25efd0ab,
736,511111604198,5a8c36a1e4b0ccf165fac9e8,
737,511111604242,5a8f6461e4b02d0314ffa208,
738,511111604310,5ab13165e4b0be0a89bb0b03,
739,511111604471,5afda1dae4b0c11cfecd49f6,
740,511111604525,5afda3a8e4b03bf01c2a2967,
741,511111604686,5bd20188965c7d66d92731ed,
742,511111604754,5c49d4c5315a247b580d50fb,
743,511111604808,5cdacf1c166eb33eb7ce0fa9,
744,511111604969,5d641257a3a018514994f425,
745,511111605058,5d6415d5a3a018514994f429,5c4637ba87ff35681e840d57
746,511111605102,5d6419746d5f3b23d1bc790f,
747,511111605263,5d66d38ca3a018093ab34724,
748,511111605331,5d66d81a6d5f3b6188d4f048,
749,511111605492,5d66e03f6d5f3b6188d4f054,
750,511111605546,5d9d08d1a60b87376833e348,
751,511111605614,5da606581dda2c3e1416ae85,
752,511111605775,5da608c91dda2c3e1416ae8d,
753,511111605829,5da6094ca60b87376833e357,
754,511111605980,5daf4867a60b87376833e35f,
755,511111606093,5daf693c1dda2c3e1416ae9d,
756,511111606147,5db6fb28a60b87376833e367,
757,511111606215,5db9f97f1dda2c3e1416aea2,
758,511111606376,5dd557081dda2c1971449a7a,
759,511111613961,5e3876bfee7f2d697e835bd3,
760,511111614074,5e710da7ee7f2d0b35b2a191,
761,511111614630,5ec2dd58be37ce5234ec36b9,
762,511111615095,5f16f536be37ce2b30061e28,
763,511111615149,5f19e054be37ce33f74a1672,
764,511111615217,5f208dafbe37ce7958c59525,
765,511111615378,5f35a0babe37ce6853cff200,
766,511111615422,5f38578fbe37ce5178517ad4,
767,511111615583,5f3e9195be37ce5a0e01b960,
768,511111615651,5f403231be37ce5f78d9ed15,
769,511111615705,5f403232be37ce5f78d9ed1b,
770,511111615866,5f4802bdbe37ce0c83033740,
771,511111615934,5f493682be37ce52f8314fcf,
772,511111616023,5f493dabbe37ce64d0ae36bb,
773,511111616184,5f494cf904db711dd8fe87f0,
774,511111616252,5f4a7a5dbe37ce2d95e65ca0,
775,511111616306,5f4a7a60be37ce2d95e65cad,
776,511111616467,5f504ac2be37ce0b793c9415,
777,511111616535,5f513ea1be37ce21f1287c05,
778,511111616696,5f628235be37ce78e6e2efb1,
779,511111616740,5f77274cbe37ce6b592e90be,
780,511111616818,5f772952be37ce6b592e90d6,
781,511111616979,5f7ba932be37ce2f290fb254,
782,511111617068,5f9770bfbe37ce03d08a2d84,
783,511111617136,5f99f71bbe37ce13da9eade8,
784,511111617297,5fa98944be37ce239d107103,
785,511111617341,5fb2852cbe37ce522e165cb2,
786,511111617419,5fb6d5e4be37ce522e165cbe,
787,511111617570,5fb807bebe37ce522e165cce,
788,511111617624,5fb80dd6be37ce522e165cd3,
789,511111617785,5fb8292abe37ce522e165ce3,
790,511111617853,5fb82fe3be37ce522e165cea,
791,511111617907,5fc54c0ebe37ce1911dbb3b6,
792,511111618010,5fcff304be37ce6d53dfc687,
793,511111618171,5fd3acb6be37ce0d9386bb3f,
794,511111618225,5fd3acb9be37ce0d9386bb4c,
795,511111618386,5fda3724be37ce09e3515972,
796,511111618454,5fdce8dcbe37ce5fa8ba59c3,
797,511111618508,5fdce9e9be37ce5fa8ba59d9,
798,511111618669,5ff74126be37ce1e961f326f,
799,511111618737,5ff74500be37ce1e961f3278,
800,511111618898,5ff77857be37ce58ce50083a,
801,511111618942,5ff77859be37ce58ce500840,
802,511111619055,5ff789c6be37ce786ba0f6a7,
803,511111619109,5ff8b5fbbe37ce4a13986611,
804,511111619260,5ffe336fbe37ce5e01754c30,
805,511111619338,5ffe347ebe37ce5e01754c40,
806,511111619499,5ffe3a86be37ce7aab2d4fd5,
807,511111619543,5ffe3a87be37ce7aab2d4fdb,
808,511111619611,6000a0c6be37ce2bb793011d,
809,511111619772,60019b83be37ce4f17e558d6,
810,511111619826,60074277be37ce360be63a01,
811,511111700029,5a5e3615e4b06ba572cf24ab,
812,511111700180,5a5d2695e4b0db471c2d042d,
813,511111700258,5a5d23f1e4b06ba572cf24a0,
814,511111700302,5a5d1f46e4b0db471c2d0427,
815,511111700463,5a5d10b5e4b06ba572cf2497,
816,511111700531,5a4d1f06e4b0d5c3fd86b678,
817,511111700692,592486bfe410d61fcea3d13a,
818,511111700746,592486bee410d61fcea3d135,
819,511111700814,592486bee410d61fcea3d12d,
820,511111700975,58b59a68e4b0857c2ddb7257,
821,511111701064,588ba0f5e4b02187f85cdade,
822,511111701132,5887a290e4b02187f85cdad7,
823,511111701293,58861c7f4e8d0d20bc42c4fa,
824,511111701347,58861c7e4e8d0d20bc42c4f5,
825,511111701415,58861c7e4e8d0d20bc42c4e0,
826,511111701576,585a96eee4b03e62d1ce0e8c,
827,511111701620,585a96c2e4b03e62d1ce0e87,
828,511111701781,585a961fe4b03e62d1ce0e76,
829,511111701859,580dff9fe4b0f32b2de21382,
830,511111701903,57ebc2f0e4b0ac389136a34c,
831,511111702016,57ebc158e4b0ac389136a341,
832,511111702177,57ebbfa1e4b0ac389136a330,
833,511111702221,57e5823ce4b0ac389136a312,
834,511111702382,57d95753e4b0ac389136a2b3,
835,511111702450,57c08285e4b0718ff5fcb038,
836,511111702504,57c08250e4b0718ff5fcb033,
837,511111702665,55b6309ce4b0d8e685c1421b,
838,511111702733,552ecc9be4b02ff29f99b214,
839,511111702894,5332fa7ee4b03c9a25efd230,
840,511111702948,5332fa7be4b03c9a25efd22b,
841,511111703051,5332fa73e4b03c9a25efd21c,
842,511111703105,5332fa12e4b03c9a25efd1e6,
843,511111703266,5332f9f1e4b03c9a25efd1c4,
844,511111703334,5332f7ffe4b03c9a25efd16a,
845,511111703495,5332f7afe4b03c9a25efd13c,
846,511111703549,5332f7a9e4b03c9a25efd137,
847,511111703617,5332f77ce4b03c9a25efd12a,
848,511111703778,5332f753e4b03c9a25efd10f,
849,511111703822,5332f70ee4b03c9a25efd0f7,
850,511111703983,5332f5f6e4b03c9a25efd0b2,
851,511111704096,5a8c2f7ce4b0ccf165fac9e3,
852,511111704140,5a8c344ae4b0ccf165fac9e5,5a7e0665e4b0aedb3b84afd4
853,511111704218,5a8c378ce4b07f0a2dac8946,
854,511111704379,5ab153fee4b0915382df761e,
855,511111704423,5ab15669e4b0be0a89bb0b08,
856,511111704584,5afda699e4b0c11cfecd49fd,
857,511111704652,5bd2011f90fa074576779a17,
858,511111704706,5bd201cc965c7d66d92731ee,
859,511111704867,5d2f6b82a3a01810a2174aed,
860,511111704935,5d602d9d6d5f3b23d1bc7907,
861,511111705000,5d641306a3a018514994f427,
862,511111705161,5d642de76d5f3b23d1bc7911,
863,511111705239,5d659490a3a018514994f433,
864,511111705390,5d66dbf36d5f3b6188d4f04d,
865,511111705444,5d66def56d5f3b6188d4f051,
866,511111705512,5d66e20b6d5f3b6188d4f055,
867,511111705673,5da60785a60b87376833e34e,
868,511111705727,5da608291dda2c3e1416ae8b,
869,511111705888,5daf2e2a1dda2c3e1416ae92,
870,511111705956,5daf43251dda2c3e1416ae95,
871,511111706045,5daf5e94a60b87376833e362,
872,511111706113,5daf6e31a60b87376833e365,
873,511111706274,5dc07880a60b873d6b0666cf,
874,511111706328,5dc1fca91dda2c0ad7da64ae,
875,511111707202,5c7d9cb395144c337a3cbfbb,
876,511111713937,5e387617ee7f2d697e835bd0,
877,511111715047,5ef4f667be37ce2efae842ea,
878,511111715115,5f19e054be37ce33f74a166f,
879,511111715276,5f2336cfbe37ce7958c5952c,
880,511111715320,5f358338be37ce443bf9d55b,
881,511111715481,5f3d6f44be37ce4ddbb1bb3b,
882,511111715559,5f3e9172be37ce5a0e01b955,
883,511111715603,5f3ff222be37ce1c81aa1e0d,
884,511111715764,5f43faadbe37ce3ef3fd371b,
885,511111715832,5f4802bdbe37ce0c8303373d,
886,511111715993,5f4936ddbe37ce52f8314fde,
887,511111716082,5f493e72be37ce64d0ae36c3,
888,511111716150,5f494c5f04db711dd8fe87e5,
889,511111716204,5f4a64e7be37ce17d23b317a,
890,511111716365,5f4bf557be37ce0b4491554e,
891,511111716433,5f504ac2be37ce0b793c9412,
892,511111716594,5f5bc4f1be37ce17125ac0e9,
893,511111716648,5f628215be37ce78e6e2efab,
894,511111716716,5f77274bbe37ce6b592e90bb,
895,511111716877,5f7760ffbe37ce1d26d7b7a9,
896,511111716921,5f7ba648be37ce23081c528e,
897,511111717034,5f872b80be37ce66db5dd979,
898,511111717195,5fa1c567be37ce402c4618f0,
899,511111717249,5fa1c568be37ce402c4618f6,
900,511111717317,5fb2852cbe37ce522e165caf,
901,511111717478,5fb7e7aebe37ce522e165cc4,
902,511111717522,5fb7fa35be37ce522e165cc9,
903,511111717683,5fb818abbe37ce522e165cd9,
904,511111717751,5fb822e4be37ce522e165ce0,
905,511111717805,5fb82a34be37ce522e165ce5,
906,511111717966,5fcda494be37ce688e08b0cf,
907,511111718079,5fd29590be37ce38bbbefb28,
908,511111718123,5fd2a0bfbe37ce49eb72c0f0,
909,511111718284,5fd3ae20be37ce0d9386bb5b,
910,511111718352,5fda3712be37ce09e351596e,
911,511111718406,5fda3725be37ce09e3515974,
912,511111718567,5ff3842bbe37ce2c56dacbb0,
913,511111718635,5ff73cfabe37ce1e961f325b,
914,511111718796,5ff75cdebe37ce1e961f328e,
915,511111718840,5ff768d4be37ce1e961f329b,
916,511111718918,5ff77857be37ce58ce50083c,
917,511111719007,5ff78072be37ce6a424ca0ec,
918,511111719168,5ffe2ca0be37ce5e01754c0d,
919,511111719236,5ffe2e39be37ce5e01754c25,
920,511111719397,5ffe35eabe37ce5e01754c48,
921,511111719441,5ffe3686be37ce5e01754c5e,
922,511111719519,5ffe3a86be37ce7aab2d4fd7,
923,511111719670,6000b8c3be37ce321363c6c0,
924,511111719724,6000b8c4be37ce321363c6c6,
925,511111719885,601ac142be37ce2ead43755b,
926,511111800088,5a5d2b20e4b0db471c2d0434,
927,511111800156,5a5d278de4b0db471c2d042f,
928,511111800200,5a5d25b6e4b0db471c2d042c,
929,511111800361,5a5d1d05e4b06ba572cf249b,
930,511111800439,5a5d1a67e4b06ba572cf2499,
931,511111800590,5a021703e4b00efe02b02a58,
932,511111800644,5952a596e4b08f39def64d03,
933,511111800712,592486bfe410d61fcea3d138,
934,511111800873,592486bde410d61fcea3d127,
935,511111800927,592486bde410d61fcea3d122,
936,511111801030,588ba1c8e4b02187f85cdae1,
937,511111801191,5887a0fde4b02187f85cdad1,
938,511111801245,58861c7f4e8d0d20bc42c500,
939,511111801313,58861c7f4e8d0d20bc42c4f8,
940,511111801474,585a973ee4b03e62d1ce0e97,
941,511111801528,585a9714e4b03e62d1ce0e92,
942,511111801689,585a967fe4b03e62d1ce0e80,
943,511111801757,585a9645e4b03e62d1ce0e79,
944,511111801801,585a9611e4b03e62d1ce0e74,
945,511111801962,57ebc2ace4b0ac389136a346,
946,511111802075,57ebc11fe4b0ac389136a33a,
947,511111802129,57ebc011e4b0ac389136a335,
948,511111802280,57e5810ce4b0ac389136a307,
949,511111802358,57d9580ee4b0ac389136a2b6,
950,511111802402,57d95741e4b0ac389136a2b1,
951,511111802563,55bf8c6ce4b0d8e685c1489d,
952,511111802631,55b630d3e4b0d8e685c1421e,
953,511111802792,53554c847a010fd9f8db0ed6,
954,511111802846,53501d29b9237fd7718f9e16,
955,511111802914,5332fa7ce4b03c9a25efd22e,
956,511111803003,5332fa77e4b03c9a25efd225,
957,511111803164,5332f9fee4b03c9a25efd1d0,
958,511111803232,5332f9f2e4b03c9a25efd1c8,
959,511111803393,5332f7d3e4b03c9a25efd14e,
960,511111803447,5332f7b5e4b03c9a25efd141,
961,511111803515,5332f7ace4b03c9a25efd13a,
962,511111803676,5332f769e4b03c9a25efd121,
963,511111803720,5332f760e4b03c9a25efd11a,
964,511111803881,5332f612e4b03c9a25efd0c4,
965,511111803959,5332f5fde4b03c9a25efd0bc,
966,511111804048,5332f5f2e4b03c9a25efd0a9,
967,511111804116,5a8c31bfe4b0ccf165fac9e4,
968,511111804277,5aa1b53ae4b086c8aad5e097,
969,511111804321,5ab13217e4b0915382df761b,
970,511111804482,5afda201e4b0c11cfecd49f7,
971,511111804550,5afda618e4b0c11cfecd49fa,
972,511111804604,5bcdfc5990fa074576779a15,
973,511111804765,5ca6383b166eb32e98e0e450,
974,511111804833,5d2f3eada3a01810a2174aeb,
975,511111804994,5d6412f86d5f3b23d1bc7909,
976,511111805069,5d6417dda3a018514994f42a,
977,511111805137,5d642d946d5f3b23d1bc7910,
978,511111805298,5d66d597a3a018093ab34726,
979,511111805342,5d66d8c86d5f3b6188d4f049,
980,511111805410,5d66dd526d5f3b6188d4f04f,
981,511111805571,5da605bea60b87376833e34a,
982,511111805625,5da60696a60b87376833e34c,
983,511111805786,5da608dfa60b87376833e354,
984,511111805854,5da609991dda2c3e1416ae90,
985,511111805908,5daf3365a60b87376833e35b,
986,511111806011,5daf54ec1dda2c3e1416ae98,
987,511111806172,5db780a6a60b87376833e369,
988,511111806226,5db9f9cca60b87376833e36b,
989,511111806387,5dd59806a60b870fc613f7ca,
990,511111806509,5c6d51d695144c607914426f,
991,511111806899,5c76dd4d95144c5375687b52,
992,511111812449,5d66961cee7f2d201c7281cc,
993,511111814085,5e710dbeee7f2d0b35b2a192,
994,511111814641,5ec2dda8be37ce5234ec36ba,
995,511111815174,5f208daebe37ce7958c59521,
996,511111815228,5f208db0be37ce7958c59527,
997,511111815389,5f35a0babe37ce6853cff201,
998,511111815457,5f38578fbe37ce5178517ad7,
999,511111815501,5f3d6f44be37ce4ddbb1bb3d,
1000,511111815662,5f403231be37ce5f78d9ed16,
1001,511111815730,5f43faabbe37ce3ef3fd3717,
1002,511111815891,5f493665be37ce52f8314fca,
1003,511111815945,5f493682be37ce52f8314fd0,
1004,511111816058,5f493dabbe37ce64d0ae36be,
1005,511111816102,5f493e72be37ce64d0ae36c5,
1006,511111816263,5f4a7a5dbe37ce2d95e65ca1,
1007,511111816331,5f4bf556be37ce0b4491554b,
1008,511111816492,5f513e9ebe37ce21f1287c00,
1009,511111816546,5f513ea1be37ce21f1287c06,
1010,511111816614,5f5bc4f1be37ce17125ac0eb,
1011,511111816775,5f772952be37ce6b592e90d2,
1012,511111816829,5f7760f0be37ce1d26d7b7a3,
1013,511111816980,5f7ba932be37ce2f290fb255,
1014,511111817093,5f9770bfbe37ce03d08a2d87,
1015,511111817147,5f99f71bbe37ce13da9eade9,
1016,511111817215,5fa1c567be37ce402c4618f2,
1017,511111817376,5fb6adb8be37ce522e165cb8,
1018,511111817420,5fb6d68abe37ce522e165cbf,
1019,511111817581,5fb808a1be37ce522e165ccf,
1020,511111817659,5fb81718be37ce522e165cd6,
1021,511111817703,5fb81985be37ce522e165cdb,
1022,511111817864,5fc54c0abe37ce1911dbb3b2,
1023,511111817932,5fcda494be37ce688e08b0cc,
1024,511111818021,5fcff305be37ce6d53dfc688,
1025,511111818182,5fd3acb6be37ce0d9386bb40,
1026,511111818250,5fd3ae1fbe37ce0d9386bb57,
1027,511111818304,5fd7f2b3be37ce733975586a,
1028,511111818465,5fdce8edbe37ce5fa8ba59cc,
1029,511111818533,5ff3842abe37ce2c56dacbac,
1030,511111818694,5ff74126be37ce1e961f3272,
1031,511111818748,5ff74500be37ce1e961f3279,
1032,511111818816,5ff75cdfbe37ce1e961f3290,
1033,511111818977,5ff78071be37ce6a424ca0e9,
1034,511111819066,5ff789d5be37ce786ba0f6a9,
1035,511111819134,5ffe2ca0be37ce5e01754c0a,
1036,511111819295,5ffe336fbe37ce5e01754c33,
1037,511111819349,5ffe347ebe37ce5e01754c41,
1038,511111819417,5ffe35eabe37ce5e01754c4a,
1039,511111819578,5fff3aa0be37ce2bb7930118,
1040,511111819622,6000a0c6be37ce2bb793011e,
1041,511111819783,60019b83be37ce4f17e558d8,
1042,511111819905,601ac142be37ce2ead43755d,
1043,511111900054,5a5d2c59e4b06ba572cf24a9,
1044,511111900108,5a5d2a86e4b06ba572cf24a6,
1045,511111900269,5a5d239de4b0db471c2d042a,
1046,511111900337,5a5d1e76e4b0db471c2d0425,
1047,511111900498,5a4d2489e4b0d5c3fd86b67a,
1048,511111900542,5a4d1ec9e4b0bcb2c74ea77d,
1049,511111900610,5a021582e4b00efe02b02a56,
1050,511111900771,592486bee410d61fcea3d131,
1051,511111900825,592486bee410d61fcea3d12c,
1052,511111900986,58b599fee4b0857c2ddb7256,
1053,511111901099,588b9ff4e4b02187f85cdadb,
1054,511111901143,5887a28ae4b02187f85cdad6,
1055,511111901211,58863e28e4b02187f85cdacf,
1056,511111901372,58861c7e4e8d0d20bc42c4e9,
1057,511111901426,58861c7e4e8d0d20bc42c4de,
1058,511111901587,585a96e9e4b03e62d1ce0e8b,
1059,511111901655,585a9698e4b03e62d1ce0e83,
1060,511111901709,585a966be4b03e62d1ce0e7e,
1061,511111901860,580dff97e4b0f32b2de21381,
1062,511111901938,57ebc2c8e4b0ac389136a349,
1063,511111902027,57ebc144e4b0ac389136a33f,
1064,511111902188,57ebbf75e4b0ac389136a32f,
1065,511111902256,57e5817ae4b0ac389136a30c,
1066,511111902300,57dd5a50e4b0ac389136a2d9,
1067,511111902461,57c0827de4b0718ff5fcb037,
1068,511111902539,57c0810fe4b0718ff5fcb02d,
1069,511111902690,55a41b88e4b0d0a65b3692f0,
1070,511111902744,54594387e4b0bfcb1e864083,
1071,511111902812,53501d2ab9237fd7718f9e1b,
1072,511111902973,5332fa7ae4b03c9a25efd228,
1073,511111903062,5332fa6be4b03c9a25efd217,
1074,511111903130,5332fa08e4b03c9a25efd1d8,
1075,511111903291,5332f807e4b03c9a25efd16f,
1076,511111903345,5332f7fde4b03c9a25efd168,
1077,511111903413,5332f7b8e4b03c9a25efd145,
1078,511111903574,5332f7a7e4b03c9a25efd133,
1079,511111903628,5332f775e4b03c9a25efd128,
1080,511111903789,5332f743e4b03c9a25efd109,
1081,511111903857,5332f709e4b03c9a25efd0f0,
1082,511111903901,5332f608e4b03c9a25efd0c1,
1083,511111904014,5332f5f4e4b03c9a25efd0af,
1084,511111904175,5a8c35dde4b0ccf165fac9e6,
1085,511111904229,5a8c5e74e4b07f0a2dac8947,
1086,511111904380,5ab15456e4b0be0a89bb0b06,
1087,511111904458,5afda00ce4b0c11cfecd49f4,
1088,511111904502,5afda26ce4b0c11cfecd49f8,
1089,511111904663,5bd2013f965c7d66d92731ec,
1090,511111904731,5c49d161f0276e7719673719,
1091,511111904892,5d5411eda3a018514994f420,
1092,511111904946,5d603430a3a018514994f423,
1093,511111905035,5d6415b3a3a018514994f428,
1094,511111905196,5d658fd1a3a018514994f431,
1095,511111905240,5d6594a2a3a018514994f434,
1096,511111905318,5d66d6a2a3a018093ab34727,
1097,511111905479,5d66dfe6a3a018093ab3472c,
1098,511111905523,5d66e2d46d5f3b6188d4f056,
1099,511111905684,5da607a9a60b87376833e34f,
1100,511111905752,5da608821dda2c3e1416ae8c,
1101,511111905806,5da60915a60b87376833e355,
1102,511111905967,5daf46261dda2c3e1416ae96,
1103,511111906070,5daf63151dda2c3e1416ae9b,
1104,511111906124,5daf70071dda2c3e1416ae9e,
1105,511111906285,5dc07bee1dda2c0ad7da64ac,
1106,511111906353,5dc2dab01dda2c0ad7da64af,
1107,511111913948,5e387644ee7f2d697e835bd1,
1108,511111914051,5e5ff265ee7f2d0b35b2a18f,
1109,511111914105,5e710e03ee7f2d0b35b2a194,
1110,511111914549,5e9f18bfbe37ce3e45b6a77f,
1111,511111915072,5f16f536be37ce2b30061e26,
1112,511111915126,5f19e054be37ce33f74a1670,
1113,511111915287,5f298852be37ce7958c5952d,
1114,511111915355,5f35a0babe37ce6853cff1fe,
1115,511111915409,5f35a0bcbe37ce6853cff20b,
1116,511111915560,5f3e9172be37ce5a0e01b956,
1117,511111915638,5f3ff222be37ce1c81aa1e10,
1118,511111915799,5f441280be37ce5dbe9b7c80,
1119,511111915843,5f4802bdbe37ce0c8303373e,
1120,511111915911,5f493682be37ce52f8314fcd,
1121,511111916000,5f4936debe37ce52f8314fdf,
1122,511111916161,5f494c5f04db711dd8fe87e6,
1123,511111916239,5f4a64ebbe37ce17d23b317d,
1124,511111916390,5f4cff1ba475f1050a66b569,
1125,511111916444,5f504ac2be37ce0b793c9413,
1126,511111916512,5f513ea1be37ce21f1287c03,
1127,511111916673,5f628215be37ce78e6e2efae,
1128,511111916727,5f77274bbe37ce6b592e90bc,
1129,511111916888,5f7ba645be37ce23081c528a,
1130,511111916956,5f7ba932be37ce2f290fb252,
1131,511111917045,5f872b84be37ce66db5dd97a,
1132,511111917113,5f9770c0be37ce03d08a2d8a,
1133,511111917274,5fa98944be37ce239d107101,
1134,511111917328,5fb2852cbe37ce522e165cb0,
1135,511111917489,5fb7e90fbe37ce522e165cc5,
1136,511111917557,5fb805dbbe37ce522e165ccc,
1137,511111917601,5fb80b63be37ce522e165cd1,
1138,511111917762,5fb82359be37ce522e165ce1,
1139,511111917830,5fb82f87be37ce522e165ce8,
1140,511111917991,5fcff304be37ce6d53dfc685,
1141,511111918080,5fd29590be37ce38bbbefb29,
1142,511111918158,5fd2a0bfbe37ce49eb72c0f3,
1143,511111918202,5fd3acb6be37ce0d9386bb42,
1144,511111918363,5fda3724be37ce09e3515970,
1145,511111918431,5fdce8dbbe37ce5fa8ba59c1,
1146,511111918592,5ff73cf9be37ce1e961f3257,
1147,511111918646,5ff73cffbe37ce1e961f325d,
1148,511111918714,5ff744ffbe37ce1e961f3275,
1149,511111918875,5ff768d4be37ce1e961f329e,
1150,511111918929,5ff77858be37ce58ce50083d,
1151,511111919032,5ff789c5be37ce786ba0f6a5,
1152,511111919193,5ffe2df8be37ce5e01754c20,
1153,511111919247,5ffe2e39be37ce5e01754c26,
1154,511111919315,5ffe347ebe37ce5e01754c3e,
1155,511111919476,5ffe3686be37ce5e01754c61,
1156,511111919520,5ffe3a86be37ce7aab2d4fd8,
1157,511111919681,6000b8c3be37ce321363c6c1,
1158,511111919759,60019b82be37ce4f17e558d4,
1159,511111919803,60074277be37ce360be639ff,
