,_id,barcode,cpgId
0,601ac115be37ce2ead437551,511111019862,202
1,601c5460be37ce2ead43755f,511111519928,7
2,601ac142be37ce2ead43755d,511111819905,203
3,601ac142be37ce2ead43755a,511111519874,203
4,601ac142be37ce2ead43755e,511111319917,17
5,601ac142be37ce2ead43755b,511111719885,203
6,601ac142be37ce2ead43755c,511111219897,203
7,5cdad0f5166eb33eb7ce0faa,511111104810,29
8,5ab15636e4b0be0a89bb0b07,511111504412,40
9,5c408e8bcd244a1fdb47aee7,511111504788,39
10,5f4bf556be37ce0b4491554d,511111516354,100
11,57c08106e4b0718ff5fcb02c,511111102540,2
12,588ba07be4b02187f85cdadd,511111201076,29
13,5d6413156d5f3b23d1bc790a,511111205012,48
14,585a9611e4b03e62d1ce0e74,511111801801,7
15,57e5820ce4b0ac389136a311,511111202233,11
16,5fb6adb8be37ce522e165cb8,511111817376,50
17,5f358338be37ce443bf9d55a,511111515319,65
18,5fb28549be37ce522e165cb5,511111317364,133
19,592486bfe410d61fcea3d139,511111300700,6
20,5c4699f387ff3577e203ea29,511111305125,33
21,5da6071ea60b87376833e34d,511111005650,50
22,57ebc011e4b0ac389136a335,511111802129,29
23,5332f5fee4b03c9a25efd0bd,511111303947,23
24,5332fa7ce4b03c9a25efd22e,511111802914,1
25,5e9f18bfbe37ce3e45b6a77f,511111914549,54
26,592486bee410d61fcea3d133,511111400769,6
27,5d66d71fa3a018093ab34728,511111105329,48
28,5f493e72be37ce64d0ae36c6,511111316114,92
29,5f4936ddbe37ce52f8314fd9,511111315957,87
30,57ebc2e7e4b0ac389136a34b,511111201915,29
31,5fd2a0aebe37ce49eb72c0ee,511111518112,144
32,5dc03596a60b873d6b0666cd,511111506249,24
33,5f494c5f04db711dd8fe87e6,511111916161,93
34,5332f772e4b03c9a25efd125,511111103653,5
35,59dfaad1e4b0a56a2fa69abc,511111100621,29
36,5daf33e71dda2c3e1416ae93,511111305910,4
37,5f35a0babe37ce6853cff1ff,511111115366,67
38,5fd29590be37ce38bbbefb28,511111718079,142
39,5fd3acb6be37ce0d9386bb40,511111818182,146
40,5bd200a6965c7d66d92731ea,511111504627,28
41,585a9675e4b03e62d1ce0e7f,511111301691,7
42,5887a17ee4b02187f85cdad3,511111101178,29
43,5332f765e4b03c9a25efd11f,511111503699,1
44,5d66d94d6d5f3b6188d4f04b,511111505365,48
45,5d66d2fd6d5f3b6188d4f045,511111405252,48
46,5332f5f3e4b03c9a25efd0ad,511111104025,5
47,5fa1c567be37ce402c4618f1,511111317203,128
48,5a5d1e76e4b0db471c2d0425,511111900337,10
49,55b630d9e4b0d8e685c1421f,511111302629,33
50,5d602d9d6d5f3b23d1bc7907,511111704935,7
51,57ebbf75e4b0ac389136a32f,511111902188,29
52,5d2f68d96d5f3b107e208da4,511111004844,6
53,592486bde410d61fcea3d124,511111100904,6
54,5f16f536be37ce2b30061e27,511111115083,60
55,5332f6ede4b03c9a25efd0e5,511111603870,9
56,5332fa05e4b03c9a25efd1d6,511111103141,2
57,5f3d6f44be37ce4ddbb1bb3e,511111315513,72
58,5c76d3cd95144c5375687b4f,511111106876,46
59,5f3ff223be37ce1c81aa1e11,511111115649,17
60,5a8c36dbe4b0ccf165fac9e9,511111204206,40
61,55b630e1e4b0d8e685c14220,511111102618,33
62,5f3ff222be37ce1c81aa1e0f,511111415626,76
63,5c76db7295144c5375687b50,511111306887,46
64,5da609991dda2c3e1416ae90,511111805854,24
65,5afda575e4b0c11cfecd49f9,511111104537,40
66,5ab154dde4b0915382df761f,511111404392,40
67,5f3e9195be37ce5a0e01b960,511111615583,74
68,5fb82faebe37ce522e165ce9,511111117841,134
69,57e58157e4b0ac389136a30a,511111602279,10
70,5fd3acb6be37ce0d9386bb41,511111318194,146
71,5e90a545ee7f2d70340f40d7,511111114413,50
72,5daf5e94a60b87376833e362,511111706045,4
73,5fb2852cbe37ce522e165caf,511111717317,132
74,5332f743e4b03c9a25efd109,511111903789,2
75,5fa98944be37ce239d107100,511111417262,131
76,5afda65de4b0c11cfecd49fb,511111004561,40
77,5332fa7ee4b03c9a25efd230,511111702894,1
78,57ebbfafe4b0ac389136a332,511111002154,29
79,5f493682be37ce52f8314fce,511111115922,86
80,57ace91ae4b057c992a316ac,511111602552,36
81,5a5d2431e4b06ba572cf24a1,511111200246,10
82,57e5810ce4b0ac389136a307,511111802280,10
83,5332f5f2e4b03c9a25efd0ab,511111604037,3
84,5db9f9cca60b87376833e36b,511111806226,4
85,5fd2a0c0be37ce49eb72c0f4,511111118169,17
86,5aa1b41de4b086c8aad5e096,511111304265,29
87,592486bee410d61fcea3d136,511111500735,6
88,5332f603e4b03c9a25efd0be,511111103936,8
89,5afda699e4b0c11cfecd49fd,511111704584,40
90,5fc54c0bbe37ce1911dbb3b5,511111017899,136
91,5f358338be37ce443bf9d55b,511111715320,65
92,592486bfe410d61fcea3d137,511111000723,24
93,5a4d2295e4b0d5c3fd86b679,511111200529,7
94,5f628216be37ce78e6e2efaf,511111116684,17
95,5332f9fce4b03c9a25efd1cd,511111003199,2
96,5f9770bfbe37ce03d08a2d85,511111117070,124
97,57ebc293e4b0ac389136a345,511111301974,29
98,5f513e9ebe37ce21f1287c00,511111816492,105
99,5332f7b8e4b03c9a25efd145,511111903413,14
100,5ab153fee4b0915382df761e,511111704379,40
101,5aa1b5b9e4b05a92fc9b1631,511111004288,29
102,5f3e9172be37ce5a0e01b954,511111215547,73
103,5f4936ddbe37ce52f8314fdc,511111015970,88
104,57c0829ce4b0718ff5fcb03a,511111002437,15
105,5a4d244ae4b0bcb2c74ea77f,511111500506,7
106,57ebbfa1e4b0ac389136a330,511111702177,29
107,5f43faabbe37ce3ef3fd3715,511111115717,79
108,59d550f4e4b090070b009534,511111600633,29
109,585a9645e4b03e62d1ce0e79,511111801757,7
110,585a968ee4b03e62d1ce0e82,511111101666,7
111,5d2f6b82a3a01810a2174aed,511111704867,6
112,5fa98944be37ce239d1070fe,511111217251,130
113,5332f9f2e4b03c9a25efd1c8,511111803232,2
114,55a41b55e4b0d0a65b3692ef,511111502708,31
115,5887a372e4b02187f85cdad9,511111001119,7
116,57ed0697e4b072ac2294b8f2,511111101895,29
117,55b630c2e4b0d8e685c1421d,511111002642,34
118,5332f605e4b03c9a25efd0c0,511111403913,7
119,5f43faabbe37ce3ef3fd3716,511111315728,79
120,5d66de49a3a018093ab3472a,511111505433,7
121,5da605dc1dda2c3e1416ae83,511111005582,50
122,5e3876bfee7f2d697e835bd3,511111613961,51
123,5fa98945be37ce239d107104,511111217305,17
124,57ebc11fe4b0ac389136a33a,511111802075,29
125,5f494c5f04db711dd8fe87e5,511111716150,93
126,5bd201a990fa074576779a19,511111104698,28
127,5fb2852cbe37ce522e165cb1,511111417330,132
128,5332f60ce4b03c9a25efd0c3,511111303893,7
129,5a7e0604e4b0aedb3b84afd3,511111504139,33
130,5332f9f2e4b03c9a25efd1c7,511111003243,2
131,57ebbd44e4b0ac389136a32d,511111002208,29
132,592486bee410d61fcea3d12f,511111600794,6
133,592486bee410d61fcea3d12a,511111600848,24
134,5da60576a60b87376833e349,511111305569,24
135,5332f5f5e4b03c9a25efd0b0,511111404002,5
136,580dff9fe4b0f32b2de21382,511111701859,29
137,5da608131dda2c3e1416ae8a,511111505716,24
138,588b9f8fe4b02187f85cdada,511111501107,29
139,592486bde410d61fcea3d127,511111800873,6
140,5a4d23dae4b0bcb2c74ea77e,511111000518,7
141,5d66dc946d5f3b6188d4f04e,511111305408,7
142,592486bfe410d61fcea3d140,511111300656,6
143,5d658ff3a3a018514994f432,511111005216,24
144,5fcda494be37ce688e08b0cc,511111817932,139
145,5ef4f667be37ce2efae842ea,511111715047,56
146,55b6308ee4b0d8e685c1421a,511111202677,33
147,5332f760e4b03c9a25efd11b,511111603719,1
148,5f16f536be37ce2b30061e29,511111215103,17
149,5d642dbfa3a018514994f42e,511111005148,48
150,5e3875d2ee7f2d697e835bce,511111013914,51
151,5332f9f3e4b03c9a25efd1c9,511111303220,2
152,5c45f91b87ff3552f950f027,511111204923,41
153,58861c7d4e8d0d20bc42c4d6,511111601449,29
154,55b630fde4b0d8e685c14223,511111502586,33
155,5ab158e8e4b0915382df7622,511111404446,40
156,5fcda494be37ce688e08b0cf,511111717966,139
157,5f3ff222be37ce1c81aa1e0e,511111215615,76
158,5f772952be37ce6b592e90d2,511111816775,115
159,5fa1c568be37ce402c4618f6,511111717249,129
160,5fb82236be37ce522e165cdf,511111217749,134
161,5a02188be4b00d6a5ccb394d,511111300588,6
162,5e387617ee7f2d697e835bd0,511111713937,51
163,57ebc2ace4b0ac389136a346,511111801962,29
164,5da6094ca60b87376833e357,511111605829,24
165,5f16f536be37ce2b30061e28,511111615095,60
166,5f872b84be37ce66db5dd97a,511111917045,17
167,585a9726e4b03e62d1ce0e95,511111501497,24
168,5f7ba645be37ce23081c528d,511111516910,118
169,5332f7d3e4b03c9a25efd14e,511111803393,2
170,5f504acabe37ce0b793c9418,511111316480,104
171,5afda3a8e4b03bf01c2a2967,511111604525,40
172,57c08294e4b0718ff5fcb039,511111202448,15
173,5332f77ce4b03c9a25efd12a,511111703617,5
174,5332f9ede4b03c9a25efd1c2,511111403289,16
175,58861c7e4e8d0d20bc42c4e2,511111201403,10
176,592486bee410d61fcea3d12d,511111700814,24
177,5da608dfa60b87376833e354,511111805786,24
178,5ffe3a87be37ce7aab2d4fd9,511111419532,17
179,5ffe3a87be37ce7aab2d4fdb,511111619543,191
180,5ffe3a86be37ce7aab2d4fd7,511111719519,190
181,5fff3a7abe37ce2bb793010e,511111119555,192
182,5ffe3a86be37ce7aab2d4fd8,511111919520,190
183,5ffe3a86be37ce7aab2d4fd6,511111219507,190
184,5ffe35eabe37ce5e01754c47,511111219385,186
185,5ffe347ebe37ce5e01754c3f,511111119326,184
186,5ffe35eabe37ce5e01754c48,511111719397,186
187,57ebc28be4b0ac389136a344,511111501985,29
188,58b59989e4b0857c2ddb7255,511111400998,10
189,5f403232be37ce5f78d9ed19,511111015697,17
190,5f493e72be37ce64d0ae36c4,511111216094,92
191,5a5d257fe4b06ba572cf24a3,511111300212,10
192,585a963ce4b03e62d1ce0e78,511111001768,7
193,5fb82a68be37ce522e165ce6,511111217817,134
194,5d6415d5a3a018514994f429,511111605058,48
195,5332fa7ae4b03c9a25efd229,511111402961,1
196,5f494c5e04db711dd8fe87e4,511111216148,93
197,5f772951be37ce6b592e90d0,511111316763,114
198,5f504ac2be37ce0b793c9415,511111616467,103
199,5bd201cc965c7d66d92731ee,511111704706,28
200,5fd2a0bfbe37ce49eb72c0f1,511111218135,145
201,5daf3507a60b87376833e35c,511111505921,4
202,58861c7e4e8d0d20bc42c4de,511111901426,10
203,5f9770c0be37ce03d08a2d88,511111417101,17
204,5a5e32c3e4b06ba572cf24aa,511111400042,10
205,5f99f71bbe37ce13da9eade9,511111817147,126
206,5ffe35eabe37ce5e01754c4a,511111819417,17
207,5ffe3682be37ce5e01754c55,511111519430,188
208,5ffe347ebe37ce5e01754c41,511111819349,184
209,5ffe347ebe37ce5e01754c40,511111619338,184
210,5ffe3480be37ce5e01754c44,511111519362,185
211,5ffe35eabe37ce5e01754c46,511111019374,186
212,5ffe35f9be37ce5e01754c4c,511111019428,187
213,5ffe347fbe37ce5e01754c42,511111319351,17
214,5ffe35eabe37ce5e01754c49,511111319405,186
215,5ff768e3be37ce1e961f32a0,511111118886,169
216,5ff768d4be37ce1e961f329b,511111718840,168
217,5ff768d4be37ce1e961f329d,511111418863,168
218,5ff768d4be37ce1e961f329c,511111218852,168
219,5ff768d4be37ce1e961f329e,511111918875,17
220,5ff77857be37ce58ce50083a,511111618898,170
221,5fd7f2b3be37ce733975586c,511111518327,150
222,5fd7f2b3be37ce733975586b,511111318316,150
223,5fd7f2b3be37ce733975586a,511111818304,150
224,5fd7f2b8be37ce733975586f,511111218340,151
225,5fd7f2b4be37ce733975586d,511111018339,17
226,5fd3acb6be37ce0d9386bb3f,511111618171,146
227,5332fa7be4b03c9a25efd22b,511111702948,1
228,58861c7e4e8d0d20bc42c4e0,511111701415,10
229,5332f775e4b03c9a25efd127,511111403630,5
230,581ce962e4b058c71f74c443,511111301813,37
231,5332fa08e4b03c9a25efd1d8,511111903130,2
232,5f3d6f44be37ce4ddbb1bb3b,511111715481,72
233,5f628235be37ce78e6e2efb1,511111616696,111
234,58b5988ce4b0857c2ddb7252,511111301028,10
235,5f3ff200be37ce1c81aa1e0b,511111115595,75
236,57ebc125e4b0ac389136a33b,511111302063,29
237,5332f7c8e4b03c9a25efd148,511111403401,5
238,57ebc2c8e4b0ac389136a349,511111901938,29
239,588ba032e4b02187f85cdadc,511111401087,29
240,5f493665be37ce52f8314fca,511111815891,85
241,5dc0773ea60b873d6b0666ce,511111206262,4
242,5da60649a60b87376833e34b,511111105602,24
243,580dff84e4b0f32b2de2137f,511111601883,29
244,5fcff305be37ce6d53dfc688,511111818021,17
245,5d66961cee7f2d201c7281cc,511111812449,42
246,57d957f2e4b0ac389136a2b4,511111502371,29
247,5daf59751dda2c3e1416ae99,511111006022,4
248,5da60859a60b87376833e352,511111405740,50
249,5fb81935be37ce522e165cda,511111217695,135
250,5fb6d726be37ce522e165cc0,511111317432,135
251,5fb800f1be37ce522e165ccb,511111417545,135
252,5fb80b63be37ce522e165cd1,511111917601,135
253,5fb808a1be37ce522e165ccf,511111817581,135
254,5fb7e62dbe37ce522e165cc3,511111217466,135
255,5fb80d7cbe37ce522e165cd2,511111417613,135
256,5fb7e962be37ce522e165cc6,511111417491,135
257,5d642de76d5f3b23d1bc7911,511111705161,48
258,57c0827de4b0718ff5fcb037,511111902461,14
259,5f3d6f44be37ce4ddbb1bb3d,511111815501,72
260,5fa1c567be37ce402c4618f0,511111717195,128
261,5332fa03e4b03c9a25efd1d5,511111603153,23
262,5a8c3577e4b07f0a2dac8945,511111404163,40
263,5da60932a60b87376833e356,511111405818,24
264,5da606581dda2c3e1416ae85,511111605614,24
265,5a5d1ba9e4b0db471c2d0422,511111600404,10
266,585a9714e4b03e62d1ce0e92,511111801528,7
267,57ebc026e4b0ac389136a338,511111502098,29
268,5da608a8a60b87376833e353,511111105763,24
269,5fcda47cbe37ce688e08b0c3,511111317920,138
270,5d66dda06d5f3b6188d4f050,511111005421,48
271,585a9637e4b03e62d1ce0e77,511111501770,24
272,5332fa79e4b03c9a25efd226,511111602996,1
273,5fb82359be37ce522e165ce1,511111917762,134
274,592486bfe410d61fcea3d13f,511111500667,6
275,552ecca1e4b02ff29f99b215,511111202721,26
276,5a5e3615e4b06ba572cf24ab,511111700029,7
277,5e5ff1f7ee7f2d0b35b2a18e,511111414049,50
278,585a967fe4b03e62d1ce0e80,511111801689,7
279,5f513ea1be37ce21f1287c02,511111416500,106
280,5d66dd526d5f3b6188d4f04f,511111805410,7
281,5d6412f86d5f3b23d1bc7909,511111804994,48
282,5332f608e4b03c9a25efd0c1,511111903901,23
283,5c49d161f0276e7719673719,511111904731,38
284,5da60843a60b87376833e351,511111205739,50
285,5f7ba648be37ce23081c528e,511111716921,17
286,5a5d29fde4b0db471c2d0433,511111400110,24
287,54594387e4b0bfcb1e864083,511111902744,26
288,585a96d2e4b03e62d1ce0e89,511111001607,7
289,5332f9fee4b03c9a25efd1d0,511111803164,2
290,5332fa73e4b03c9a25efd21c,511111703051,1
291,5fa98944be37ce239d107103,511111617297,131
292,5332f7afe4b03c9a25efd13d,511111203483,15
293,5d540e65a3a018514994f41f,511111404880,29
294,5daf46261dda2c3e1416ae96,511111905967,4
295,585a972de4b03e62d1ce0e96,511111001485,7
296,5f9770bfbe37ce03d08a2d86,511111317081,124
297,580e015be4b0f32b2de21385,511111501824,29
298,5f5900d4be37ce21f1287c11,511111516569,107
299,5a8c33f3e4b07f0a2dac8943,511111504139,40
300,5ab1589ae4b0915382df7621,511111204435,40
301,5afda22ee4b03bf01c2a2965,511111304494,40
302,588b9ff4e4b02187f85cdadb,511111901099,29
303,5ec2dde7be37ce5234ec36bb,511111314653,50
304,5ff78071be37ce6a424ca0e9,511111818977,173
305,5ff78071be37ce6a424ca0e8,511111318965,173
306,5ff78071be37ce6a424ca0ea,511111018988,173
307,5ff78072be37ce6a424ca0ec,511111719007,17
308,5ff78071be37ce6a424ca0eb,511111518990,173
309,5ff789c5be37ce786ba0f6a3,511111219019,174
310,5ff77857be37ce58ce50083c,511111718918,170
311,5ff77858be37ce58ce50083d,511111918929,170
312,5ff78070be37ce6a424ca0e6,511111118954,172
313,5ff77857be37ce58ce50083b,511111218906,170
314,5ff77859be37ce58ce500840,511111618942,171
315,5ff77859be37ce58ce50083e,511111418931,17
316,5bd200c690fa074576779a16,511111004639,28
317,5fdce9eabe37ce5fa8ba59db,511111318521,17
318,5fdce9e9be37ce5fa8ba59da,511111118510,157
319,5fdce9e9be37ce5fa8ba59d7,511111518488,157
320,5fdce9e9be37ce5fa8ba59d9,511111618508,157
321,5fdce9e9be37ce5fa8ba59d8,511111018490,157
322,5daf35a8a60b87376833e35d,511111005933,4
323,5f4936ddbe37ce52f8314fdd,511111215981,88
324,5f4936ddbe37ce52f8314fde,511111715993,88
325,5fb6b82dbe37ce522e165cbc,511111117407,134
326,5d641306a3a018514994f427,511111705000,48
327,55b630f5e4b0d8e685c14222,511111002598,33
328,5db780a6a60b87376833e369,511111806172,29
329,5f4936ddbe37ce52f8314fdb,511111515968,88
330,5332f5f2e4b03c9a25efd0a9,511111804048,2
331,5fb2852cbe37ce522e165cb2,511111617341,132
332,592486bee410d61fcea3d12e,511111200802,24
333,57c082a6e4b0718ff5fcb03b,511111502425,15
334,5da606ae1dda2c3e1416ae86,511111305637,24
335,5f99f71bbe37ce13da9eade7,511111117124,126
336,5a8c5e74e4b07f0a2dac8947,511111904229,6
337,57e5817ae4b0ac389136a30c,511111902256,11
338,5ab15392e4b0915382df761d,511111204367,40
339,5e5ff265ee7f2d0b35b2a18f,511111914051,24
340,5f16f536be37ce2b30061e25,511111415060,60
341,5332fb83e4b03c9a25efd24a,511111502869,2
342,5ef38672be37ce02da95b72f,511111515036,56
343,5daf6baaa60b87376833e364,511111206101,4
344,5a4d1f06e4b0d5c3fd86b678,511111700531,7
345,57ebc003e4b0ac389136a333,511111502142,29
346,5f441280be37ce5dbe9b7c80,511111915799,81
347,5ec2dda8be37ce5234ec36ba,511111814641,50
348,58861c7f4e8d0d20bc42c4f9,511111301301,7
349,58b59a68e4b0857c2ddb7257,511111700975,10
350,5332f753e4b03c9a25efd10f,511111703778,1
351,5a4d250ce4b0d5c3fd86b67b,511111400486,7
352,5d9d0270a60b87376833e347,511111405535,7
353,5d658fd1a3a018514994f431,511111905196,24
354,5f358338be37ce443bf9d55c,511111215332,17
355,58b599fee4b0857c2ddb7256,511111900986,10
356,5a5d278de4b0db471c2d042f,511111800156,10
357,5332f7eee4b03c9a25efd15e,511111103370,10
358,5afda18ee4b0c11cfecd49f5,511111104469,40
359,5a8c363ce4b0ccf165fac9e7,511111104186,40
360,5dd557081dda2c1971449a7a,511111606376,4
361,5332f774e4b03c9a25efd126,511111603641,5
362,5f4802bdbe37ce0c8303373f,511111415855,83
363,5a021703e4b00efe02b02a58,511111800590,6
364,5dc2da1fa60b873d6b0666d3,511111406341,24
365,5d2f69a6a3a01810a2174aec,511111504856,6
366,5f208dafbe37ce7958c59522,511111015185,63
367,5f2336cfbe37ce7958c5952c,511111715276,57
368,5f3e9172be37ce5a0e01b953,511111015536,73
369,55a41b88e4b0d0a65b3692f0,511111902690,29
370,5daf70071dda2c3e1416ae9e,511111906124,4
371,5a8c31bfe4b0ccf165fac9e4,511111804116,40
372,5f7760f0be37ce1d26d7b7a5,511111516842,116
373,5f99f71bbe37ce13da9eadea,511111317159,126
374,5a8c378ce4b07f0a2dac8946,511111704218,24
375,5f493682be37ce52f8314fd0,511111815945,17
376,580dff97e4b0f32b2de21381,511111901860,29
377,5f38578fbe37ce5178517ad7,511111815457,70
378,5fd2a0bfbe37ce49eb72c0f0,511111718123,145
379,5332fa6be4b03c9a25efd217,511111903062,18
380,5a8f64c6e4b0a2e2844f5695,511111104254,40
381,5f493dabbe37ce64d0ae36bd,511111316046,90
382,57ebc134e4b0ac389136a33d,511111602040,29
383,5f5bc4f1be37ce17125ac0ea,511111316602,109
384,5fd29591be37ce38bbbefb2a,511111418092,17
385,5f77274bbe37ce6b592e90bc,511111916727,112
386,5a8c35dde4b0ccf165fac9e6,511111904175,40
387,5332f760e4b03c9a25efd11a,511111803720,1
388,5f4802d2be37ce0c83033743,511111315889,84
389,60074277be37ce360be639ff,511111919803,201
390,5332f9f0e4b03c9a25efd1c3,511111203278,2
391,5fb2852cbe37ce522e165cb0,511111917328,132
392,58861c7e4e8d0d20bc42c4e3,511111601395,10
393,585b0b23e4b03e62d1ce0e99,511111101451,24
394,5332f7ffe4b03c9a25efd16a,511111703334,16
395,5da608291dda2c3e1416ae8b,511111705727,24
396,57d848efe4b0ac389136a2aa,511111302414,29
397,5f513ea1be37ce21f1287c03,511111916512,106
398,5f35a0babe37ce6853cff201,511111815389,67
399,5a5d2c1fe4b06ba572cf24a8,511111100065,24
400,5d603537a3a018514994f424,511111404958,7
401,5da607a9a60b87376833e34f,511111905684,24
402,5f493682be37ce52f8314fcd,511111915911,86
403,585a970ee4b03e62d1ce0e91,511111301530,7
404,5f403231be37ce5f78d9ed18,511111515685,77
405,5f7ba932be37ce2f290fb252,511111916956,121
406,58863e1ee4b02187f85cdace,511111101222,29
407,5a5d234be4b06ba572cf249f,511111400271,10
408,5d642d946d5f3b23d1bc7910,511111805137,48
409,5fb8292abe37ce522e165ce3,511111617785,134
410,5d6419346d5f3b23d1bc790e,511111005094,48
411,5332fa0ae4b03c9a25efd1dd,511111203117,2
412,5ccb2ece166eb31bbbadccbe,511111504788,29
413,60074278be37ce360be63a03,511111319849,17
414,5d6419746d5f3b23d1bc790f,511111605102,48
415,5a5d1fbfe4b0db471c2d0428,511111100294,10
416,5f3d6f44be37ce4ddbb1bb3c,511111215493,72
417,580dffade4b0f32b2de21384,511111001836,29
418,5d6423ffa3a018514994f42c,511111105114,48
419,5f9770bfbe37ce03d08a2d84,511111617068,124
420,5f4a7a5dbe37ce2d95e65ca3,511111516286,97
421,5f35834dbe37ce443bf9d565,511111415343,66
422,592486bfe410d61fcea3d13d,511111000679,6
423,5daf3365a60b87376833e35b,511111805908,4
424,5a5d2a86e4b06ba572cf24a6,511111900108,24
425,5d6415c66d5f3b23d1bc790c,511111105046,48
426,57c08285e4b0718ff5fcb038,511111702450,15
427,5f208dafbe37ce7958c59523,511111515197,63
428,5c9a975495144c182bbc7270,511111208532,45
429,5332f709e4b03c9a25efd0f0,511111903857,10
430,5dc1aaf51dda2c0ad7da64ad,511111506317,7
431,58861c7f4e8d0d20bc42c4f8,511111801313,7
432,5fda3724be37ce09e3515970,511111918363,153
433,5fda3725be37ce09e3515974,511111718406,17
434,5fda3724be37ce09e3515971,511111418375,153
435,5fd28f0cbe37ce6d53dfc692,511111518044,53
436,5fda3724be37ce09e3515972,511111618386,153
437,5fda3724be37ce09e3515973,511111118398,153
438,5ff73cffbe37ce1e961f325d,511111918646,161
439,5ff73cf9be37ce1e961f3258,511111518600,160
440,5ff73cf9be37ce1e961f325a,511111218623,160
441,5ff74123be37ce1e961f3266,511111418658,162
442,5ff73cf9be37ce1e961f3259,511111018612,160
443,5ff73cfabe37ce1e961f325b,511111718635,17
444,5ff74500be37ce1e961f3279,511111818748,165
445,5ff74500be37ce1e961f327b,511111518761,17
446,5ff75cdebe37ce1e961f328b,511111018773,166
447,5ff74500be37ce1e961f3278,511111618737,165
448,5ff74500be37ce1e961f327a,511111318750,165
449,5ff74500be37ce1e961f3277,511111118725,165
450,5da60785a60b87376833e34e,511111705673,50
451,6000a0c9be37ce2bb7930121,511111019657,17
452,6000a0c6be37ce2bb793011f,511111319634,194
453,6000b8c3be37ce321363c6c0,511111719670,196
454,6000a0c6be37ce2bb7930120,511111519645,194
455,6000a0f3be37ce2bb793012a,511111219668,195
456,6000a0c6be37ce2bb793011e,511111819622,194
457,5f7760f2be37ce1d26d7b7a7,511111216865,17
458,5332f7ace4b03c9a25efd13a,511111803515,15
459,5daf5d1aa60b87376833e361,511111506034,4
460,5f7760f0be37ce1d26d7b7a4,511111316831,116
461,5afda26ce4b0c11cfecd49f8,511111904502,40
462,592486bee410d61fcea3d130,511111100782,6
463,57c0812de4b0718ff5fcb02e,511111402527,2
464,5a5d1c62e4b0db471c2d0424,511111500384,10
465,5fcda494be37ce688e08b0d0,511111217978,17
466,57ebbcc2e4b0ac389136a32c,511111502210,29
467,5c409ab4cd244a3539b84162,511111004790,33
468,5daf54ec1dda2c3e1416ae98,511111806011,4
469,5f19e054be37ce33f74a166f,511111715115,61
470,5d658fc0a3a018514994f430,511111205173,24
471,585a966be4b03e62d1ce0e7e,511111901709,7
472,5f872b7fbe37ce66db5dd976,511111517009,122
473,5a5d24c2e4b0db471c2d042b,511111500223,10
474,5332f7e0e4b03c9a25efd151,511111303381,5
475,5db77d891dda2c3e1416ae9f,511111106159,29
476,5f21c852be37ce7958c59529,511111515241,58
477,5bcdfc5a965c7d66d92731e9,511111304616,24
478,5f494c5e04db711dd8fe87e3,511111016137,93
479,5f872b7fbe37ce66db5dd978,511111217022,122
480,57ebc017e4b0ac389136a336,511111602118,29
481,5f77274cbe37ce6b592e90be,511111616740,17
482,5f99f71bbe37ce13da9eadeb,511111517160,17
483,5ab15207e4b0be0a89bb0b04,511111304333,40
484,5332f5f6e4b03c9a25efd0b2,511111703983,1
485,5f493682be37ce52f8314fcf,511111615934,86
486,5f7760f0be37ce1d26d7b7a3,511111816829,116
487,58861c7f4e8d0d20bc42c500,511111801245,7
488,5cc725bd166eb31bbbadccbd,511111304777,10
489,5f3e9173be37ce5a0e01b957,511111415572,17
490,585a96b3e4b03e62d1ce0e85,511111201632,7
491,5332f6f4e4b03c9a25efd0ed,511111103868,1
492,5d642dd1a3a018514994f42f,511111505150,48
493,5332f802e4b03c9a25efd16d,511111003311,16
494,5ef3860fbe37ce02da95b72e,511111015024,56
495,585a9698e4b03e62d1ce0e83,511111901655,7
496,5a5e36d6e4b06ba572cf24ac,511111500018,29
497,5f5bc4f1be37ce17125ac0eb,511111816614,109
498,55bf8c6ce4b0d8e685c1489d,511111802563,7
499,5f358338be37ce443bf9d558,511111415299,65
500,5a8c3140e4b07f0a2dac8941,511111304104,40
501,5a5d17ede4b06ba572cf2498,511111000440,7
502,5a5d23f1e4b06ba572cf24a0,511111700258,10
503,5f628215be37ce78e6e2efad,511111416661,110
504,58861c7e4e8d0d20bc42c4f6,511111501336,7
505,580dff8fe4b0f32b2de21380,511111401872,23
506,5d66d516a3a018093ab34725,511111305286,48
507,5daf4f9ca60b87376833e360,511111105992,4
508,5daf6e31a60b87376833e365,511111706113,4
509,5332f7ace4b03c9a25efd13b,511111303503,15
510,5f3ff222be37ce1c81aa1e10,511111915638,76
511,5d66d8c86d5f3b6188d4f049,511111805342,48
512,5fcff319be37ce6d53dfc691,511111318033,141
513,5332fa74e4b03c9a25efd21e,511111003038,1
514,5f4802bdbe37ce0c83033740,511111615866,83
515,585a96e9e4b03e62d1ce0e8b,511111901587,7
516,5332f756e4b03c9a25efd113,511111503743,23
517,5afda67de4b0c11cfecd49fc,511111504573,40
518,5f4bf556be37ce0b4491554c,511111016342,100
519,5fa1c567be37ce402c4618f3,511111017226,128
520,5ab15669e4b0be0a89bb0b08,511111704423,40
521,5332f612e4b03c9a25efd0c4,511111803881,23
522,5f21ca86be37ce7958c5952b,511111215264,58
523,57e580e8e4b0ac389136a304,511111302292,10
524,58861c7e4e8d0d20bc42c4f7,511111001324,7
525,5332fa84e4b03c9a25efd232,511111002871,1
526,5d2f3eada3a01810a2174aeb,511111804833,6
527,5daf63151dda2c3e1416ae9b,511111906070,4
528,5f772952be37ce6b592e90d5,511111116806,115
529,55bf8c15e4b0d8e685c1489c,511111302575,7
530,5f7ba645be37ce23081c528c,511111016908,118
531,5da605bea60b87376833e34a,511111805571,24
532,5f493e72be37ce64d0ae36c5,511111816102,92
533,5fd3acb6be37ce0d9386bb43,511111418214,17
534,5952a596e4b08f39def64d03,511111800644,10
535,5f3ff222be37ce1c81aa1e0d,511111715603,76
536,5d6027f46d5f3b23d1bc7906,511111204923,7
537,5f77274bbe37ce6b592e90bb,511111716716,112
538,5afda1dae4b0c11cfecd49f6,511111604471,40
539,5e710dbeee7f2d0b35b2a192,511111814085,52
540,5d66dad8a3a018093ab34729,511111205388,48
541,5daf5f65a60b87376833e363,511111206057,4
542,5f4802bdbe37ce0c8303373d,511111715832,83
543,5ffe3381be37ce5e01754c35,511111419303,183
544,5ffe2e38be37ce5e01754c23,511111019213,181
545,5ffe347ebe37ce5e01754c3e,511111919315,184
546,5ffe336fbe37ce5e01754c31,511111119272,182
547,5ffe336fbe37ce5e01754c32,511111319283,182
548,5ffe336fbe37ce5e01754c30,511111619260,182
549,5ffe2e39be37ce5e01754c24,511111219224,181
550,5ffe2e39be37ce5e01754c26,511111919247,17
551,5ffe2e39be37ce5e01754c25,511111719236,181
552,5ffe336fbe37ce5e01754c2f,511111419259,182
553,5ffe336fbe37ce5e01754c33,511111819295,17
554,5fdce8dbbe37ce5fa8ba59c2,511111118442,154
555,5fdce8dbbe37ce5fa8ba59c1,511111918431,154
556,5fdce8dcbe37ce5fa8ba59c3,511111618454,17
557,5fdce9cabe37ce5fa8ba59ce,511111318477,156
558,5fdce8edbe37ce5fa8ba59cc,511111818465,155
559,5fdce8dbbe37ce5fa8ba59bf,511111218418,154
560,5fdce8dbbe37ce5fa8ba59c0,511111418429,154
561,5fb8216ebe37ce522e165cdd,511111517726,134
562,5332f765e4b03c9a25efd120,511111003687,1
563,5f43faabbe37ce3ef3fd3717,511111815730,79
564,5a5d1f46e4b0db471c2d0427,511111700302,10
565,5db9e8db1dda2c3e1416aea1,511111506195,29
566,57ebc2bde4b0ac389136a348,511111101949,29
567,5a02196ce4b00efe02b02a5a,511111600565,6
568,5a5d2bcbe4b0db471c2d0435,511111600077,24
569,57d9580ee4b0ac389136a2b6,511111802358,29
570,5c112616315a241ba1716511,511111404729,28
571,5f403231be37ce5f78d9ed17,511111315674,77
572,5fd3acb6be37ce0d9386bb42,511111918202,146
573,5db20be5a60b87376833e366,511111406136,4
574,5d9d08d1a60b87376833e348,511111605546,7
575,5daf54491dda2c3e1416ae97,511111306009,4
576,5332f734e4b03c9a25efd103,511111003809,13
577,53501d29b9237fd7718f9e15,511111302858,19
578,5332f775e4b03c9a25efd128,511111903628,5
579,5f38576ebe37ce5178517acb,511111415411,69
580,5c76dd4d95144c5375687b52,511111806899,47
581,585a964ce4b03e62d1ce0e7a,511111301745,7
582,5f59002dbe37ce21f1287c10,511111316558,107
583,5f4802bdbe37ce0c8303373e,511111915843,83
584,5f493dacbe37ce64d0ae36bf,511111016069,17
585,5f38578fbe37ce5178517ad6,511111315445,70
586,5332fa7be4b03c9a25efd22c,511111502937,1
587,5d6412e9a3a018514994f426,511111304982,48
588,5332f7b4e4b03c9a25efd140,511111303459,15
589,5fb821d1be37ce522e165cde,511111017738,134
590,5457a0cde4b05a46170caebc,511111402756,23
591,5332f7f5e4b03c9a25efd163,511111403357,10
592,5f590184be37ce21f1287c12,511111016571,107
593,5f403231be37ce5f78d9ed16,511111815662,77
594,57ebc01fe4b0ac389136a337,511111102106,29
595,5f772952be37ce6b592e90d6,511111616818,17
596,5f298852be37ce7958c5952d,511111915287,49
597,57ebc144e4b0ac389136a33f,511111902027,29
598,5f772952be37ce6b592e90d3,511111016786,115
599,5332fa7ce4b03c9a25efd22d,511111002925,1
600,5f77274bbe37ce6b592e90bd,511111416739,112
601,5f19e062be37ce33f74a1675,511111315162,62
602,5d66def56d5f3b6188d4f051,511111705444,48
603,5a5d1a67e4b06ba572cf2499,511111800439,7
604,5da608c91dda2c3e1416ae8d,511111605775,24
605,5fcff304be37ce6d53dfc687,511111618010,140
606,5f4936debe37ce52f8314fdf,511111916000,17
607,5f441280be37ce5dbe9b7c7e,511111215776,81
608,5daf329ca60b87376833e35a,511111205890,24
609,5f4cff1ba475f1050a66b568,511111416388,101
610,5f4bf556be37ce0b4491554b,511111816331,100
611,5db6fb28a60b87376833e367,511111606147,50
612,5f3d6f43be37ce4ddbb1bb39,511111515470,71
613,5cdacf1c166eb33eb7ce0fa9,511111604808,29
614,53501d29b9237fd7718f9e17,511111602835,19
615,5afda00ce4b0c11cfecd49f4,511111904458,24
616,5f4cff1aa475f1050a66b567,511111216377,101
617,5332f9fde4b03c9a25efd1cf,511111303176,2
618,5f4a64e7be37ce17d23b317b,511111216216,95
619,5db77f7aa60b87376833e368,511111306160,29
620,592486bee410d61fcea3d135,511111700746,6
621,58861c7f4e8d0d20bc42c4fd,511111501268,7
622,5a5d1a8ce4b0db471c2d0420,511111300427,7
623,57ebc15fe4b0ac389136a342,511111202004,29
624,5332f9fce4b03c9a25efd1cc,511111603207,2
625,57c08250e4b0718ff5fcb033,511111702504,15
626,5f21c99dbe37ce7958c5952a,511111015253,58
627,5d6412d36d5f3b23d1bc7908,511111104971,48
628,5bd2011f90fa074576779a17,511111704652,28
629,5f4a64e7be37ce17d23b3179,511111116196,95
630,5332fa7de4b03c9a25efd22f,511111302902,1
631,5fb2852dbe37ce522e165cb3,511111117353,17
632,5a8c2e5ee4b0ccf165fac9e1,511111004073,40
633,5f4cff1ca475f1050a66b56a,511111516408,101
634,5f7ba932be37ce2f290fb253,511111116967,121
635,58861c7e4e8d0d20bc42c4e9,511111901372,10
636,5f4802bebe37ce0c83033741,511111115878,17
637,5332fa67e4b03c9a25efd216,511111403074,18
638,55a41a9de4b0d0a65b3692ed,511111002710,30
639,5fcff304be37ce6d53dfc685,511111917991,140
640,5db9f8c5a60b87376833e36a,511111106203,4
641,5332f789e4b03c9a25efd12c,511111603597,5
642,5f3d6f45be37ce4ddbb1bb3f,511111515524,17
643,5332f762e4b03c9a25efd11e,511111103707,1
644,5f16f512be37ce2b30061e1e,511111215059,59
645,5daf2baea60b87376833e359,511111505877,4
646,57d95741e4b0ac389136a2b1,511111802402,29
647,5332f7b2e4b03c9a25efd13f,511111503460,15
648,5f35a0babe37ce6853cff200,511111615378,67
649,537b7ec2892471241348d70a,511111302780,22
650,5fc54c0abe37ce1911dbb3b3,511111317876,136
651,5d642d65a3a018514994f42d,511111305125,48
652,5fb829c0be37ce522e165ce4,511111117797,134
653,5dc2db051dda2c0ad7da64b0,511111106364,4
654,5f35a0babe37ce6853cff1fe,511111915355,67
655,5332f5fde4b03c9a25efd0bc,511111803959,7
656,5d66e20b6d5f3b6188d4f055,511111705512,7
657,5332f9f4e4b03c9a25efd1ca,511111103219,2
658,5d6594a2a3a018514994f434,511111905240,48
659,5f5bc4f1be37ce17125ac0ec,511111016625,109
660,55b630d3e4b0d8e685c1421e,511111802631,33
661,5ab154eae4b0915382df7620,511111004400,40
662,55b630ece4b0d8e685c14221,511111602606,33
663,5cdad1daca6a4c76f3f8c515,511111304821,29
664,592486bee410d61fcea3d128,511111300861,6
665,5f7ba645be37ce23081c528a,511111916888,118
666,5f358338be37ce443bf9d559,511111015307,65
667,5f494cf904db711dd8fe87f0,511111616184,94
668,57d96124e4b0ac389136a2b9,511111602323,29
669,5da60696a60b87376833e34c,511111805625,24
670,5332f603e4b03c9a25efd0bf,511111603924,23
671,591325cde4b0cddf4ebb6a69,511111200963,7
672,5d4880ca6d5f3b105d1bc8dc,511111204879,29
673,585a9744e4b03e62d1ce0e98,511111301462,7
674,585a96fbe4b03e62d1ce0e8e,511111001553,23
675,5daf68751dda2c3e1416ae9c,511111106081,4
676,5da607daa60b87376833e350,511111405696,24
677,5332f9f1e4b03c9a25efd1c5,511111503255,2
678,5887a28ae4b02187f85cdad6,511111901143,29
679,592486bee410d61fcea3d12b,511111400837,6
680,5aa1b53ae4b086c8aad5e097,511111804277,29
681,5fa98944be37ce239d107101,511111917274,131
682,5d6417f56d5f3b23d1bc790d,511111305071,48
683,592486bee410d61fcea3d129,511111100850,6
684,588ba0f5e4b02187f85cdade,511111701064,29
685,5f4bf556be37ce0b4491554a,511111316329,100
686,5f7760ffbe37ce1d26d7b7a9,511111716877,117
687,5332f5fbe4b03c9a25efd0b9,511111503972,8
688,5daf2e2a1dda2c3e1416ae92,511111705888,4
689,5332f9fde4b03c9a25efd1ce,511111503187,2
690,5a8f6461e4b02d0314ffa208,511111604242,40
691,58861d07e4b02187f85cdacd,511111601234,29
692,5f504ac2be37ce0b793c9412,511111716433,103
693,5332f7aae4b03c9a25efd139,511111003526,15
694,53501d29b9237fd7718f9e16,511111802846,19
695,5fd29590be37ce38bbbefb27,511111218067,142
696,5c49d4c5315a247b580d50fb,511111604754,38
697,5f208dafbe37ce7958c59524,511111115205,63
698,592486bde410d61fcea3d126,511111000884,24
699,585a971ae4b03e62d1ce0e93,511111601517,7
700,5332f7a9e4b03c9a25efd137,511111703549,15
701,5a5d1e5fe4b06ba572cf249d,511111100348,29
702,5332f77de4b03c9a25efd12b,511111203605,5
703,57dd5a50e4b0ac389136a2d9,511111902300,23
704,5fa1c568be37ce402c4618f4,511111517238,17
705,5f4a7a60be37ce2d95e65cad,511111616306,98
706,5f19e054be37ce33f74a1671,511111415138,61
707,5fd29591be37ce38bbbefb2c,511111018100,143
708,5332fa7ae4b03c9a25efd228,511111902973,1
709,5f441281be37ce5dbe9b7c82,511111015819,17
710,57ebc158e4b0ac389136a341,511111702016,29
711,5332fa73e4b03c9a25efd21d,511111203049,1
712,57ebc009e4b0ac389136a334,511111302131,29
713,5fb6b695be37ce522e165cba,511111017387,134
714,5f872b7fbe37ce66db5dd977,511111017011,122
715,5a5d1e8fe4b06ba572cf249e,511111400325,29
716,5d658fde6d5f3b23d1bc7913,511111505204,24
717,5f4a7a5ebe37ce2d95e65ca4,511111016298,17
718,57c08268e4b0718ff5fcb035,511111602484,15
719,5a5d2856e4b0db471c2d0430,511111300144,10
720,591b7682e4b0cddf4ebb6a6a,511111000952,7
721,585a965be4b03e62d1ce0e7c,511111601722,7
722,585a96c2e4b03e62d1ce0e87,511111701620,7
723,55b6309ce4b0d8e685c1421b,511111702665,33
724,5d641257a3a018514994f425,511111604969,48
725,5a7e0c1ae4b0782f27c68d4e,511111504061,24
726,5fc54c17be37ce1911dbb3b8,511111117919,137
727,5ab130e2e4b0915382df7619,511111504290,40
728,5f504ac2be37ce0b793c9413,511111916444,103
729,5d66dbf36d5f3b6188d4f04d,511111705390,7
730,5332f7f0e4b03c9a25efd160,511111603368,10
731,5f9770bfbe37ce03d08a2d87,511111817093,124
732,5332f9f1e4b03c9a25efd1c4,511111703266,2
733,5332f7a8e4b03c9a25efd136,511111203551,15
734,5d5abca1a3a018514994f421,511111504900,29
735,5f19e054be37ce33f74a1670,511111915126,61
736,5dc07de6a60b873d6b0666d0,511111406297,24
737,5d66dfec6d5f3b6188d4f053,511111105480,7
738,5a5d209ae4b0db471c2d0429,511111600282,10
739,5a5d1d05e4b06ba572cf249b,511111800361,29
740,5d601d74a3a018514994f422,511111004912,24
741,60074277be37ce360be63a01,511111619826,201
742,58861c7e4e8d0d20bc42c4ea,511111401360,10
743,5f3e9172be37ce5a0e01b956,511111915560,73
744,540f241c68abd3c7065097d5,511111602767,25
745,5ab13217e4b0915382df761b,511111804321,40
746,5fd3acb9be37ce0d9386bb4c,511111618225,147
747,53501e6cb9237fd7718f9e25,511111402800,21
748,5f208db0be37ce7958c59527,511111815228,64
749,5dc07e2aa60b873d6b0666d1,511111006305,24
750,5f493e73be37ce64d0ae36c7,511111516125,17
751,592486bde410d61fcea3d125,511111500896,6
752,5a5d10b5e4b06ba572cf2497,511111700463,10
753,5fb81985be37ce522e165cdb,511111817703,135
754,5fb81718be37ce522e165cd6,511111817659,135
755,5fb817e8be37ce522e165cd8,511111517672,135
756,5fb818abbe37ce522e165cd9,511111717683,135
757,5fb7f9c2be37ce522e165cc8,511111517511,135
758,5fb81796be37ce522e165cd7,511111017660,135
759,5fb7f8febe37ce522e165cc7,511111017509,135
760,5fb80a6bbe37ce522e165cd0,511111317593,135
761,5fb6d68abe37ce522e165cbf,511111817420,135
762,5fb6d5e4be37ce522e165cbe,511111617419,135
763,5fb7e90fbe37ce522e165cc5,511111917489,135
764,5fb7e52abe37ce522e165cc2,511111017455,135
765,5fb7e7aebe37ce522e165cc4,511111717478,135
766,5fb80e12be37ce522e165cd4,511111117636,135
767,5fb80e70be37ce522e165cd5,511111317647,135
768,5fb7fae8be37ce522e165cca,511111217534,135
769,5f38578fbe37ce5178517ad5,511111115434,70
770,5f441281be37ce5dbe9b7c84,511111215820,82
771,5a5d25b6e4b0db471c2d042c,511111800200,10
772,5332f807e4b03c9a25efd16f,511111903291,16
773,585a9618e4b03e62d1ce0e75,511111201793,7
774,5f513ea1be37ce21f1287c06,511111816546,17
775,5f4cffbba475f1050a66b574,511111216421,102
776,57ebc2f0e4b0ac389136a34c,511111701903,29
777,5f7ba932be37ce2f290fb254,511111616979,121
778,5db9e6551dda2c3e1416aea0,511111006183,29
779,5daf60021dda2c3e1416ae9a,511111406068,4
780,5f493e72be37ce64d0ae36c1,511111516071,91
781,5f493dabbe37ce64d0ae36bb,511111616023,90
782,55a58727e4b0d0a65b3693cd,511111402688,32
783,5fd3ae1fbe37ce0d9386bb55,511111118237,148
784,5332fa75e4b03c9a25efd220,511111503026,1
785,5fb80dd6be37ce522e165cd3,511111617624,135
786,5c49d24df0276e771967371a,511111104742,38
787,5a8c36a1e4b0ccf165fac9e8,511111604198,40
788,5f4a64e7be37ce17d23b317c,511111416227,95
789,57ebc13de4b0ac389136a33e,511111402039,23
790,57d9612be4b0ac389136a2ba,511111402312,29
791,5a8c2f7ce4b0ccf165fac9e3,511111704096,40
792,5f16f536be37ce2b30061e26,511111915072,60
793,5a4d254ce4b0bcb2c74ea780,511111200475,7
794,5fb6d83cbe37ce522e165cc1,511111517443,135
795,5ff74126be37ce1e961f3271,511111318682,163
796,5ff74126be37ce1e961f326f,511111618669,163
797,5ff74126be37ce1e961f3272,511111818694,163
798,5ff744ffbe37ce1e961f3275,511111918714,164
799,5ff74126be37ce1e961f3270,511111118671,163
800,5ff74126be37ce1e961f3273,511111418702,17
801,5ffe3686be37ce5e01754c5e,511111719441,189
802,5ffe3a86be37ce7aab2d4fd5,511111619499,190
803,5ffe3686be37ce5e01754c5f,511111219453,189
804,5ffe3687be37ce5e01754c62,511111119487,17
805,5ffe3686be37ce5e01754c60,511111419464,189
806,5ffe3686be37ce5e01754c61,511111919476,189
807,5e5ff158ee7f2d0b35b2a18d,511111214038,50
808,5332fa77e4b03c9a25efd225,511111803003,1
809,5d659490a3a018514994f433,511111705239,48
810,5e710da7ee7f2d0b35b2a191,511111614074,52
811,592486bee410d61fcea3d12c,511111900825,6
812,5f38578fbe37ce5178517ad4,511111615422,70
813,5f772952be37ce6b592e90d4,511111516798,115
814,5f385790be37ce5178517ad8,511111015468,17
815,5f4a650bbe37ce17d23b317f,511111116240,96
816,5f43faadbe37ce3ef3fd371b,511111715764,80
817,5f208dafbe37ce7958c59525,511111615217,17
818,592486bfe410d61fcea3d13c,511111200680,6
819,5f493e72be37ce64d0ae36c3,511111716082,92
820,5da6097ea60b87376833e358,511111305842,24
821,58b59950e4b0857c2ddb7254,511111601005,10
822,58861c7e4e8d0d20bc42c4ee,511111201359,10
823,5a5e34fee4b0db471c2d0436,511111200031,7
824,585a96f5e4b03e62d1ce0e8d,511111201564,7
825,5ab13165e4b0be0a89bb0b03,511111604310,40
826,5afda618e4b0c11cfecd49fa,511111804550,40
827,5f7ba933be37ce2f290fb256,511111316992,17
828,5332f800e4b03c9a25efd16c,511111203322,16
829,5887a0fde4b02187f85cdad1,511111801191,29
830,5a5d1acce4b0db471c2d0421,511111100416,7
831,5f4cff1ba475f1050a66b569,511111916390,101
832,57c0810fe4b0718ff5fcb02d,511111902539,2
833,5f628215be37ce78e6e2efac,511111216650,110
834,53501d2ab9237fd7718f9e19,511111102823,20
835,5b184cdbe4b0d159a5b66e2b,511111204596,24
836,5f504ac3be37ce0b793c9416,511111116479,17
837,5d6415b3a3a018514994f428,511111905035,48
838,5dc07880a60b873d6b0666cf,511111706274,24
839,5da608821dda2c3e1416ae8c,511111905752,24
840,57e58166e4b0ac389136a30b,511111102267,10
841,5d5411eda3a018514994f420,511111904892,29
842,5ff75cdfbe37ce1e961f328f,511111318804,167
843,5ff75cdfbe37ce1e961f3290,511111818816,167
844,5ff75cdebe37ce1e961f328e,511111718796,167
845,5f504ac2be37ce0b793c9414,511111416456,103
846,5e710dd5ee7f2d0b35b2a193,511111314097,52
847,5fcff304be37ce6d53dfc686,511111118008,140
848,585a961fe4b03e62d1ce0e76,511111701781,7
849,5daf472da60b87376833e35e,511111405979,4
850,5dc076e41dda2c0ad7da64ab,511111006251,24
851,5a5d2695e4b0db471c2d042d,511111700180,10
852,5332f5ebe4b03c9a25efd0a7,511111304050,1
853,585a9653e4b03e62d1ce0e7b,511111101734,7
854,5f35a0bcbe37ce6853cff20b,511111915409,68
855,5332f70ee4b03c9a25efd0f7,511111703822,5
856,592486bfe410d61fcea3d13a,511111700692,6
857,57ebbed8e4b0ac389136a32e,511111402190,29
858,57c08275e4b0718ff5fcb036,511111402473,15
859,5fb82a34be37ce522e165ce5,511111717805,134
860,5d66d9016d5f3b6188d4f04a,511111305354,7
861,5ab152fae4b0be0a89bb0b05,511111004356,40
862,5ff75cdfbe37ce1e961f3291,511111018827,17
863,5ff75cdebe37ce1e961f328d,511111218784,167
864,5ff768d4be37ce1e961f329a,511111518839,168
865,5e5ff32bee7f2d0b35b2a190,511111114062,50
866,5fd3ae1fbe37ce0d9386bb56,511111318248,148
867,5fd3ae1fbe37ce0d9386bb57,511111818250,148
868,5fd3ae1fbe37ce0d9386bb58,511111018261,148
869,5fd3ae1fbe37ce0d9386bb59,511111518273,17
870,5fd3ae20be37ce0d9386bb5b,511111718284,149
871,5fff3aa0be37ce2bb793011a,511111519591,193
872,6000a0c6be37ce2bb793011d,511111619611,194
873,5fff3aa0be37ce2bb7930117,511111319566,193
874,5fff3aa0be37ce2bb7930118,511111819578,193
875,5fff3aa1be37ce2bb793011b,511111119609,17
876,5fff3aa0be37ce2bb7930119,511111019589,193
877,6000b8c3be37ce321363c6c3,511111019701,196
878,6000b8c3be37ce321363c6c2,511111419693,196
879,6000b8c4be37ce321363c6c4,511111519713,17
880,60019b82be37ce4f17e558d2,511111219736,198
881,585a973ee4b03e62d1ce0e97,511111801474,7
882,552ecc9be4b02ff29f99b214,511111702733,26
883,580dffa7e4b0f32b2de21383,511111201847,29
884,5a5d1d71e4b06ba572cf249c,511111600350,10
885,5fb6b6e1be37ce522e165cbb,511111517399,134
886,57ebc188e4b0ac389136a343,511111001997,29
887,5afda307e4b03bf01c2a2966,511111404514,40
888,5fcda494be37ce688e08b0ce,511111517955,139
889,5da606c61dda2c3e1416ae87,511111505648,24
890,5f19e054be37ce33f74a1672,511111615149,61
891,5f493dabbe37ce64d0ae36be,511111816058,90
892,5fd29590be37ce38bbbefb26,511111018056,142
893,5f493d85be37ce64d0ae36b2,511111416012,89
894,58861c7f4e8d0d20bc42c4fb,511111201281,7
895,5dd59806a60b870fc613f7ca,511111806387,4
896,58861c7e4e8d0d20bc42c4e4,511111101383,10
897,5ff3842abe37ce2c56dacbac,511111818533,158
898,5ff3842bbe37ce2c56dacbaf,511111518556,159
899,5ec2dd58be37ce5234ec36b9,511111614630,50
900,6000b8c3be37ce321363c6c1,511111919681,196
901,6000b8c4be37ce321363c6c6,511111719724,197
902,5ff3842bbe37ce2c56dacbae,511111018544,159
903,5ff3842bbe37ce2c56dacbb1,511111218579,159
904,5ff3842bbe37ce2c56dacbb0,511111718567,159
905,5ff3842bbe37ce2c56dacbb2,511111418580,17
906,5ff73cf9be37ce1e961f3257,511111918592,160
907,60019b82be37ce4f17e558d3,511111419747,198
908,60019b83be37ce4f17e558d6,511111619772,17
909,60074261be37ce360be639f6,511111319795,200
910,60019b82be37ce4f17e558d5,511111119760,198
911,60019b83be37ce4f17e558d8,511111819783,199
912,60019b82be37ce4f17e558d4,511111919759,198
913,5ff8b5febe37ce4a13986614,511111319122,177
914,5ff8b5fcbe37ce4a13986612,511111119111,17
915,5ffe2df8be37ce5e01754c20,511111919193,180
916,5ffe2e38be37ce5e01754c22,511111519201,181
917,5ffe2ca1be37ce5e01754c0e,511111219170,17
918,5ff8b5fbbe37ce4a13986610,511111019091,176
919,5ffe2ce0be37ce5e01754c17,511111419181,179
920,5ff8b5fbbe37ce4a13986611,511111619109,176
921,5ff8b5fbbe37ce4a1398660f,511111519089,176
922,5ffe2ca0be37ce5e01754c0a,511111819134,178
923,5ffe2ca0be37ce5e01754c0c,511111519157,178
924,5ffe2ca0be37ce5e01754c0b,511111019145,178
925,5ffe2ca0be37ce5e01754c0d,511111719168,178
926,5ff789d5be37ce786ba0f6a9,511111819066,175
927,5ff789c5be37ce786ba0f6a6,511111119043,174
928,5ff8b5fbbe37ce4a1398660e,511111319078,176
929,5ff789c6be37ce786ba0f6a7,511111619055,17
930,5ff789c5be37ce786ba0f6a4,511111419020,174
931,5ff789c5be37ce786ba0f6a5,511111919032,174
932,5dc07bee1dda2c0ad7da64ac,511111906285,4
933,5f441280be37ce5dbe9b7c7f,511111415787,81
934,58861c7e4e8d0d20bc42c4f5,511111701347,24
935,5332f754e4b03c9a25efd112,511111003755,1
936,5d66d6a2a3a018093ab34727,511111905318,48
937,592486bde410d61fcea3d120,511111500940,6
938,5f493dabbe37ce64d0ae36bc,511111116035,90
939,5fc54c0ebe37ce1911dbb3b6,511111617907,17
940,5332f712e4b03c9a25efd0f8,511111503811,12
941,5332f70ae4b03c9a25efd0f4,511111203834,23
942,5f7ba678be37ce23081c5297,511111216933,119
943,5c6d51d695144c607914426f,511111806509,44
944,5332f5f4e4b03c9a25efd0af,511111904014,2
945,5da607ef1dda2c3e1416ae89,511111005704,24
946,5f99f720be37ce13da9eaded,511111017172,127
947,5d6417dda3a018514994f42a,511111805069,48
948,57e581dfe4b0ac389136a30e,511111402244,10
949,5d603430a3a018514994f423,511111904946,7
950,5a4d2489e4b0d5c3fd86b67a,511111900498,7
951,5d66def56d5f3b6188d4f052,511111205456,48
952,5a5d1ef1e4b0db471c2d0426,511111200314,29
953,5a5d26c7e4b06ba572cf24a5,511111500179,10
954,588ba164e4b02187f85cdadf,511111501053,29
955,5f872bd4be37ce66db5dd983,511111417057,123
956,5d6415a26d5f3b23d1bc790b,511111405023,48
957,5a8c5ee7e4b07f0a2dac8948,511111404231,6
958,5daf2a6b1dda2c3e1416ae91,511111005865,4
959,5332f753e4b03c9a25efd110,511111203766,1
960,5d66e03f6d5f3b6188d4f054,511111605492,48
961,5ea07e02be37ce3e45b6a781,511111414551,55
962,585a9707e4b03e62d1ce0e90,511111501541,7
963,5f99f71bbe37ce13da9eade8,511111617136,126
964,57ebc02be4b0ac389136a339,511111002086,29
965,5332f5f5e4b03c9a25efd0b1,511111203995,1
966,5f7ba645be37ce23081c528b,511111416890,118
967,58861c7d4e8d0d20bc42c4d7,511111401438,29
968,5332f7b5e4b03c9a25efd141,511111803447,15
969,5f403232be37ce5f78d9ed1b,511111615705,78
970,5fb81ab9be37ce522e165cdc,511111317715,135
971,5fb7fa35be37ce522e165cc9,511111717522,135
972,5332fa79e4b03c9a25efd227,511111102984,1
973,5fd2a0bfbe37ce49eb72c0f2,511111418146,145
974,53501d2ab9237fd7718f9e1b,511111902812,21
975,5a5d239de4b0db471c2d042a,511111900269,10
976,592486bee410d61fcea3d131,511111900771,6
977,5da603a71dda2c3e1416ae82,511111105558,50
978,5db3288aee7f2d6de4248977,511111312949,28
979,5f5bc4f1be37ce17125ac0e7,511111216582,108
980,5fc54c0abe37ce1911dbb3b2,511111817864,136
981,5332f5fbe4b03c9a25efd0bb,511111003960,7
982,57ebc12ce4b0ac389136a33c,511111102052,29
983,585a9720e4b03e62d1ce0e94,511111101505,7
984,5f4bf557be37ce0b4491554e,511111716365,17
985,592486bfe410d61fcea3d138,511111800712,6
986,5887a320e4b02187f85cdad8,511111201120,29
987,57d95753e4b0ac389136a2b3,511111702382,29
988,5a5d263ee4b06ba572cf24a4,511111200192,10
989,5f4a7a5dbe37ce2d95e65ca2,511111316275,97
990,5887a143e4b02187f85cdad2,511111301189,29
991,5332f7b5e4b03c9a25efd142,511111603436,15
992,5f5bc4f2be37ce17125ac0ed,511111516637,17
993,5f4a64e7be37ce17d23b317a,511111716204,95
994,5a5d2b20e4b0db471c2d0434,511111800088,6
995,5e3875f5ee7f2d697e835bcf,511111213925,51
996,5ec2dc5fbe37ce5234ec36b8,511111114628,50
997,5daf4867a60b87376833e35f,511111605980,4
998,592486bee410d61fcea3d134,511111200758,6
999,5a8c3226e4b07f0a2dac8942,511111004127,40
1000,55b630a4e4b0d8e685c1421c,511111502654,34
1001,5a5d2ac5e4b06ba572cf24a7,511111300090,24
1002,5a8c344ae4b0ccf165fac9e5,511111704140,40
1003,5fc54c0bbe37ce1911dbb3b4,511111517887,136
1004,5e710e03ee7f2d0b35b2a194,511111914105,52
1005,5daf43251dda2c3e1416ae95,511111705956,4
1006,5d66d597a3a018093ab34726,511111805298,48
1007,5d658ffa6d5f3b23d1bc7914,511111205227,24
1008,5fa98944be37ce239d107102,511111117285,131
1009,5da6076f1dda2c3e1416ae88,511111205661,24
1010,5f19e055be37ce33f74a1673,511111115151,17
1011,5da60915a60b87376833e355,511111905806,24
1012,5c4637ba87ff35681e840d57,511111605058,41
1013,5332f7afe4b03c9a25efd13e,511111003472,15
1014,5da609621dda2c3e1416ae8f,511111105831,24
1015,5a7e0665e4b0aedb3b84afd4,511111704140,33
1016,5332f73ee4b03c9a25efd108,511111403791,1
1017,5ca6383b166eb32e98e0e450,511111804765,29
1018,585a9686e4b03e62d1ce0e81,511111601678,7
1019,585a96e0e4b03e62d1ce0e8a,511111401599,7
1020,592486bde410d61fcea3d121,511111300939,6
1021,5f4a7a5dbe37ce2d95e65ca1,511111816263,97
1022,5332fa7ae4b03c9a25efd22a,511111202950,1
1023,5c6c2f9295144c6db8fe1977,511111106432,43
1024,5f403231be37ce5f78d9ed15,511111615651,77
1025,5bcdfc5990fa074576779a15,511111804604,40
1026,57d95805e4b0ac389136a2b5,511111002369,29
1027,540f240768abd3c7065097d4,511111102779,35
1028,60074277be37ce360be63a00,511111419815,201
1029,585a96ade4b03e62d1ce0e84,511111401643,7
1030,592486bde410d61fcea3d122,511111800927,6
1031,5fa1c567be37ce402c4618f2,511111817215,128
1032,5d66d4666d5f3b6188d4f046,511111105275,48
1033,5dc2dab01dda2c0ad7da64af,511111906353,4
1034,53554c847a010fd9f8db0ed6,511111802792,10
1035,5a5d2727e4b0db471c2d042e,511111000167,10
1036,5db32879ee7f2d6de4248976,511111112938,33
1037,5f513ea1be37ce21f1287c04,511111116523,106
1038,5fa1ba01be37ce402c4618e7,511111217183,24
1039,5e387679ee7f2d697e835bd2,511111413950,51
1040,5daf693c1dda2c3e1416ae9d,511111606093,4
1041,5332f769e4b03c9a25efd122,511111303664,1
1042,5f43faacbe37ce3ef3fd3719,511111515753,17
1043,5fcff304be37ce6d53dfc684,511111417989,140
1044,5e387644ee7f2d697e835bd1,511111913948,51
1045,5f9770c0be37ce03d08a2d8a,511111917113,125
1046,5da606361dda2c3e1416ae84,511111505594,24
1047,5332fa1ae4b03c9a25efd1e9,511111103097,18
1048,5d66d38ca3a018093ab34724,511111605263,48
1049,5f493682be37ce52f8314fcc,511111415909,86
1050,5332f806e4b03c9a25efd16e,511111503309,16
1051,5fda3712be37ce09e351596e,511111718352,152
1052,5fd7f2b3be37ce7339755869,511111218296,150
1053,5a5d247ae4b06ba572cf24a2,511111000235,10
1054,5887a1c8e4b02187f85cdad4,511111601166,29
1055,5afda201e4b0c11cfecd49f7,511111804482,40
1056,5fb823dfbe37ce522e165ce2,511111417774,134
1057,5a5d28ade4b0db471c2d0431,511111100133,10
1058,5bd2013f965c7d66d92731ec,511111904663,28
1059,5f7760f0be37ce1d26d7b7a6,511111016854,116
1060,5f7ba914be37ce2f290fb250,511111416944,120
1061,5a4d1ec9e4b0bcb2c74ea77d,511111900542,7
1062,5fb822e4be37ce522e165ce0,511111717751,134
1063,5f7ba932be37ce2f290fb255,511111816980,121
1064,5bd201f090fa074576779a1a,511111204718,28
1065,5bd20188965c7d66d92731ed,511111604686,28
1066,5fd2a0bfbe37ce49eb72c0f3,511111918158,145
1067,5332f7a9e4b03c9a25efd138,511111503538,15
1068,57d96112e4b0ac389136a2b8,511111102335,29
1069,5d66d81a6d5f3b6188d4f048,511111605331,48
1070,5a5d1c77e4b06ba572cf249a,511111300373,29
1071,5cdacd63166eb33eb7ce0fa8,511111004790,29
1072,57ebc2dfe4b0ac389136a34a,511111401926,29
1073,5332fa58e4b03c9a25efd214,511111603085,19
1074,5c7d9cb395144c337a3cbfbb,511111707202,27
1075,5a8c34d7e4b07f0a2dac8944,511111204152,40
1076,5fb805dbbe37ce522e165ccc,511111917557,135
1077,5fb806b5be37ce522e165ccd,511111117568,135
1078,5fb807bebe37ce522e165cce,511111617570,135
1079,5bd200fc965c7d66d92731eb,511111204640,28
1080,588ba1c8e4b02187f85cdae1,511111801030,29
1081,5dc2d9d4a60b873d6b0666d2,511111206330,4
1082,5887a290e4b02187f85cdad7,511111701132,29
1083,5fb82f4bbe37ce522e165ce7,511111417828,134
1084,5f77274bbe37ce6b592e90ba,511111216704,112
1085,5daf3eed1dda2c3e1416ae94,511111205944,4
1086,5a5d144ee4b0db471c2d041d,511111500452,10
1087,5f4a7a5dbe37ce2d95e65ca0,511111616252,97
1088,5332f7a7e4b03c9a25efd133,511111903574,15
1089,5332f7b7e4b03c9a25efd144,511111103424,15
1090,5f628215be37ce78e6e2efae,511111916673,110
1091,57e5823ce4b0ac389136a312,511111702221,10
1092,5a021582e4b00efe02b02a56,511111900610,24
1093,5a8c2eeee4b0ccf165fac9e2,511111204084,40
1094,5a0218cae4b00efe02b02a59,511111100577,6
1095,58861c7f4e8d0d20bc42c4fa,511111701293,7
1096,588ba198e4b02187f85cdae0,511111001041,29
1097,5332fa80e4b03c9a25efd231,511111202882,1
1098,5db9f97f1dda2c3e1416aea2,511111606215,4
1099,5a5d28f1e4b0db471c2d0432,511111600121,10
1100,5f441280be37ce5dbe9b7c81,511111515807,81
1101,5332f79ee4b03c9a25efd131,511111103585,5
1102,58861c7f4e8d0d20bc42c4fc,511111001270,7
1103,5fd29590be37ce38bbbefb29,511111918080,142
1104,57c08257e4b0718ff5fcb034,511111102496,15
1105,58861c7f4e8d0d20bc42c4fe,511111301257,7
1106,5332f757e4b03c9a25efd114,511111303732,2
1107,5afda5a6e4b03bf01c2a2968,511111304548,40
1108,5fcda494be37ce688e08b0cd,511111017943,139
1109,585a9661e4b03e62d1ce0e7d,511111401711,7
1110,5ab15456e4b0be0a89bb0b06,511111904380,40
1111,592486bde410d61fcea3d123,511111600916,24
1112,5f35a0babe37ce6853cff202,511111315391,17
1113,5f4a64ebbe37ce17d23b317d,511111916239,17
1114,5f4bf53dbe37ce0b44915541,511111116318,99
1115,5332fa08e4b03c9a25efd1d9,511111403128,2
1116,5d66e07da3a018093ab3472d,511111205500,7
1117,5f4cff24a475f1050a66b56b,511111016410,17
1118,5f43faabbe37ce3ef3fd3718,511111015741,79
1119,5f513ea1be37ce21f1287c05,511111616535,106
1120,5332f769e4b03c9a25efd121,511111803676,1
1121,5332f7afe4b03c9a25efd13c,511111703495,15
1122,5fb82f87be37ce522e165ce8,511111917830,134
1123,5332f7a8e4b03c9a25efd135,511111403562,15
1124,585a96eee4b03e62d1ce0e8c,511111701576,7
1125,60074277be37ce360be63a02,511111119838,201
1126,5f872b80be37ce66db5dd979,511111717034,122
1127,5f208daebe37ce7958c59521,511111815174,63
1128,5ab1314de4b0915382df761a,511111104308,40
1129,5bd2016990fa074576779a18,511111404675,28
1130,5d64191ea3a018514994f42b,511111505082,48
1131,58863e28e4b02187f85cdacf,511111901211,29
1132,5d66df24a3a018093ab3472b,511111405467,7
1133,5da608f61dda2c3e1416ae8e,511111305798,24
1134,57d95749e4b0ac389136a2b2,511111202394,29
1135,5d658fca6d5f3b23d1bc7912,511111405184,24
1136,57ebc2b7e4b0ac389136a347,511111601951,29
1137,57ebbfa9e4b0ac389136a331,511111202165,29
1138,5a5d2c59e4b06ba572cf24a9,511111900054,24
1139,5887a051e4b02187f85cdad0,511111401209,29
1140,5ab1528ce4b0915382df761c,511111504344,40
1141,5d66d6016d5f3b6188d4f047,511111405306,48
1142,5f21c54abe37ce7958c59528,511111315230,58
1143,5332f7fde4b03c9a25efd168,511111903345,11
1144,57c08242e4b0718ff5fcb032,511111202516,15
1145,5f5bc4f1be37ce17125ac0e9,511111716594,109
1146,5332fa12e4b03c9a25efd1e6,511111703105,18
1147,5dc0351a1dda2c0ad7da64aa,511111306238,4
1148,5d66e2d46d5f3b6188d4f056,511111905523,7
1149,5a0219ede4b00d6a5ccb394e,511111400554,6
1150,5d66da306d5f3b6188d4f04c,511111005377,48
1151,5d66dfe6a3a018093ab3472c,511111905479,48
1152,5f3e9172be37ce5a0e01b955,511111715559,73
1153,58b598dbe4b0857c2ddb7253,511111101017,10
1154,57d95826e4b0ac389136a2b7,511111302346,29
1155,5a5d1bffe4b0db471c2d0423,511111000396,10
1156,5fb82fe3be37ce522e165cea,511111617853,134
1157,5332fa75e4b03c9a25efd221,511111303015,1
1158,5f628215be37ce78e6e2efab,511111716648,110
1159,585a96cbe4b03e62d1ce0e88,511111501619,7
1160,5887a216e4b02187f85cdad5,511111401155,29
1161,5332f709e4b03c9a25efd0f2,511111403845,10
1162,5f77274dbe37ce6b592e90c0,511111116752,113
1163,5dc1fca91dda2c0ad7da64ae,511111706328,24
1164,5f494c6e04db711dd8fe87e7,511111416173,17
1165,5a021611e4b00efe02b02a57,511111400608,6
1166,6026d757be37ce6369301468,511111019930,204
